20260628 180000;70.687000;70.710000;70.250000;70.337000;0
20260628 180100;70.317000;70.410000;70.175000;70.175000;0
20260628 180200;70.167000;70.230000;69.995000;70.117000;0
20260628 180300;70.097000;70.097000;69.947000;69.957000;0
20260628 180400;69.965000;70.030000;69.860000;69.917000;0
20260628 180500;69.915000;69.975000;69.785000;69.815000;0
20260628 180600;69.820000;69.935000;69.815000;69.905000;0
20260628 180700;69.897000;69.925000;69.777000;69.817000;0
20260628 180800;69.827000;69.970000;69.827000;69.947000;0
20260628 180900;69.945000;70.025000;69.940000;69.965000;0
20260628 181000;69.970000;69.985000;69.910000;69.915000;0
20260628 181100;69.930000;70.070000;69.930000;70.060000;0
20260628 181200;70.045000;70.080000;70.035000;70.050000;0
20260628 181300;70.055000;70.155000;70.045000;70.145000;0
20260628 181400;70.140000;70.140000;70.095000;70.105000;0
20260628 181500;70.125000;70.195000;70.117000;70.125000;0
20260628 181600;70.117000;70.125000;70.095000;70.115000;0
20260628 181700;70.105000;70.105000;70.075000;70.100000;0
20260628 181800;70.105000;70.240000;70.070000;70.230000;0
20260628 181900;70.250000;70.345000;70.240000;70.317000;0
20260628 182000;70.320000;70.340000;70.285000;70.315000;0
20260628 182100;70.295000;70.335000;70.285000;70.335000;0
20260628 182200;70.325000;70.340000;70.130000;70.200000;0
20260628 182300;70.185000;70.205000;70.125000;70.205000;0
20260628 182400;70.195000;70.265000;70.195000;70.265000;0
20260628 182500;70.288000;70.288000;70.235000;70.245000;0
20260628 182600;70.250000;70.320000;70.250000;70.305000;0
20260628 182700;70.317000;70.317000;70.245000;70.260000;0
20260628 182800;70.275000;70.335000;70.270000;70.335000;0
20260628 182900;70.340000;70.345000;70.310000;70.335000;0
20260628 183000;70.325000;70.360000;70.277000;70.305000;0
20260628 183100;70.295000;70.295000;70.255000;70.267000;0
20260628 183200;70.255000;70.255000;70.235000;70.235000;0
20260628 183300;70.240000;70.245000;70.240000;70.240000;0
20260628 183400;70.245000;70.260000;70.170000;70.170000;0
20260628 183500;70.175000;70.180000;70.150000;70.165000;0
20260628 183600;70.150000;70.175000;70.145000;70.175000;0
20260628 183700;70.165000;70.165000;70.137000;70.155000;0
20260628 183800;70.147000;70.160000;70.137000;70.145000;0
20260628 183900;70.137000;70.160000;70.135000;70.150000;0
20260628 184000;70.145000;70.150000;70.110000;70.135000;0
20260628 184100;70.145000;70.165000;70.140000;70.155000;0
20260628 184200;70.160000;70.197000;70.150000;70.150000;0
20260628 184300;70.155000;70.180000;70.155000;70.175000;0
20260628 184400;70.155000;70.155000;70.125000;70.140000;0
20260628 184500;70.135000;70.140000;70.110000;70.110000;0
20260628 184600;70.105000;70.140000;70.095000;70.115000;0
20260628 184700;70.110000;70.120000;70.053000;70.090000;0
20260628 184800;70.095000;70.130000;70.095000;70.130000;0
20260628 184900;70.120000;70.125000;70.025000;70.030000;0
20260628 185000;70.040000;70.060000;70.035000;70.037000;0
20260628 185100;70.045000;70.105000;70.045000;70.080000;0
20260628 185200;70.085000;70.085000;70.070000;70.075000;0
20260628 185300;70.070000;70.100000;70.070000;70.090000;0
20260628 185400;70.095000;70.105000;70.053000;70.085000;0
20260628 185500;70.080000;70.100000;70.035000;70.040000;0
20260628 185600;70.045000;70.055000;70.035000;70.035000;0
20260628 185700;70.030000;70.050000;69.988000;70.035000;0
20260628 185800;70.040000;70.075000;70.040000;70.065000;0
20260628 185900;70.070000;70.070000;69.958000;70.020000;0
20260628 190000;70.025000;70.070000;70.025000;70.025000;0
20260628 190100;70.050000;70.065000;70.045000;70.050000;0
20260628 190200;70.030000;70.030000;70.020000;70.030000;0
20260628 190300;70.020000;70.020000;69.970000;69.970000;0
20260628 190400;69.975000;69.987000;69.940000;69.980000;0
20260628 190500;69.970000;70.005000;69.965000;69.980000;0
20260628 190600;70.005000;70.030000;70.005000;70.030000;0
20260628 190700;69.983000;70.030000;69.983000;70.005000;0
20260628 190800;69.995000;70.030000;69.995000;70.025000;0
20260628 190900;70.030000;70.040000;70.025000;70.030000;0
20260628 191000;70.025000;70.050000;70.015000;70.050000;0
20260628 191100;70.040000;70.045000;69.915000;69.925000;0
20260628 191200;69.910000;69.925000;69.865000;69.875000;0
20260628 191300;69.885000;69.920000;69.843000;69.905000;0
20260628 191400;69.900000;69.965000;69.890000;69.960000;0
20260628 191500;69.965000;69.975000;69.945000;69.960000;0
20260628 191600;69.940000;69.965000;69.940000;69.965000;0
20260628 191700;69.960000;69.970000;69.870000;69.905000;0
20260628 191800;69.910000;69.920000;69.895000;69.900000;0
20260628 191900;69.905000;69.915000;69.900000;69.910000;0
20260628 192000;69.915000;69.920000;69.875000;69.880000;0
20260628 192100;69.890000;69.895000;69.875000;69.895000;0
20260628 192200;69.885000;69.895000;69.880000;69.880000;0
20260628 192300;69.890000;69.895000;69.885000;69.890000;0
20260628 192400;69.885000;69.895000;69.885000;69.885000;0
20260628 192500;69.890000;69.895000;69.880000;69.885000;0
20260628 192600;69.880000;69.900000;69.880000;69.890000;0
20260628 192700;69.900000;69.925000;69.900000;69.915000;0
20260628 192800;69.920000;69.920000;69.910000;69.910000;0
20260628 192900;69.905000;69.905000;69.820000;69.845000;0
20260628 193000;69.855000;69.860000;69.830000;69.840000;0
20260628 193100;69.860000;69.870000;69.845000;69.860000;0
20260628 193200;69.865000;69.870000;69.865000;69.865000;0
20260628 193300;69.870000;69.910000;69.870000;69.910000;0
20260628 193400;69.900000;69.900000;69.865000;69.875000;0
20260628 193500;69.885000;69.890000;69.860000;69.870000;0
20260628 193600;69.865000;69.875000;69.840000;69.840000;0
20260628 193700;69.835000;69.840000;69.820000;69.820000;0
20260628 193800;69.830000;69.830000;69.800000;69.800000;0
20260628 193900;69.805000;69.825000;69.805000;69.820000;0
20260628 194000;69.815000;69.830000;69.748000;69.810000;0
20260628 194100;69.800000;69.815000;69.800000;69.810000;0
20260628 194200;69.805000;69.805000;69.790000;69.790000;0
20260628 194300;69.785000;69.810000;69.785000;69.800000;0
20260628 194400;69.805000;69.805000;69.770000;69.770000;0
20260628 194500;69.780000;69.780000;69.760000;69.780000;0
20260628 194600;69.775000;69.775000;69.740000;69.740000;0
20260628 194700;69.750000;69.755000;69.740000;69.745000;0
20260628 194800;69.735000;69.740000;69.700000;69.700000;0
20260628 194900;69.710000;69.710000;69.670000;69.680000;0
20260628 195000;69.675000;69.710000;69.640000;69.685000;0
20260628 195100;69.700000;69.745000;69.665000;69.665000;0
20260628 195200;69.670000;69.720000;69.655000;69.720000;0
20260628 195300;69.730000;69.730000;69.655000;69.685000;0
20260628 195400;69.680000;69.745000;69.680000;69.720000;0
20260628 195500;69.745000;69.785000;69.710000;69.710000;0
20260628 195600;69.700000;69.705000;69.690000;69.700000;0
20260628 195700;69.700000;69.715000;69.700000;69.710000;0
20260628 195800;69.715000;69.755000;69.705000;69.740000;0
20260628 195900;69.730000;69.745000;69.730000;69.740000;0
20260628 200000;69.700000;69.755000;69.640000;69.670000;0
20260628 200100;69.675000;69.675000;69.585000;69.595000;0
20260628 200200;69.590000;69.610000;69.510000;69.535000;0
20260628 200300;69.530000;69.625000;69.530000;69.605000;0
20260628 200400;69.610000;69.655000;69.610000;69.650000;0
20260628 200500;69.655000;69.655000;69.580000;69.580000;0
20260628 200600;69.575000;69.575000;69.515000;69.550000;0
20260628 200700;69.540000;69.590000;69.540000;69.570000;0
20260628 200800;69.585000;69.590000;69.465000;69.470000;0
20260628 200900;69.465000;69.530000;69.440000;69.500000;0
20260628 201000;69.495000;69.510000;69.450000;69.460000;0
20260628 201100;69.465000;69.465000;69.405000;69.410000;0
20260628 201200;69.415000;69.425000;69.340000;69.345000;0
20260628 201300;69.350000;69.395000;69.310000;69.370000;0
20260628 201400;69.375000;69.430000;69.345000;69.430000;0
20260628 201500;69.450000;69.465000;69.425000;69.430000;0
20260628 201600;69.425000;69.490000;69.400000;69.480000;0
20260628 201700;69.470000;69.470000;69.440000;69.450000;0
20260628 201800;69.475000;69.480000;69.450000;69.480000;0
20260628 201900;69.485000;69.540000;69.470000;69.535000;0
20260628 202000;69.540000;69.540000;69.505000;69.535000;0
20260628 202100;69.520000;69.550000;69.510000;69.535000;0
20260628 202200;69.545000;69.555000;69.530000;69.550000;0
20260628 202300;69.545000;69.615000;69.540000;69.595000;0
20260628 202400;69.600000;69.640000;69.595000;69.610000;0
20260628 202500;69.600000;69.675000;69.595000;69.670000;0
20260628 202600;69.665000;69.720000;69.665000;69.710000;0
20260628 202700;69.725000;69.730000;69.705000;69.720000;0
20260628 202800;69.725000;69.745000;69.720000;69.740000;0
20260628 202900;69.730000;69.780000;69.725000;69.760000;0
20260628 203000;69.755000;69.790000;69.740000;69.745000;0
20260628 203100;69.740000;69.775000;69.725000;69.765000;0
20260628 203200;69.760000;69.820000;69.760000;69.780000;0
20260628 203300;69.775000;69.780000;69.735000;69.735000;0
20260628 203400;69.730000;69.765000;69.683000;69.760000;0
20260628 203500;69.765000;69.820000;69.765000;69.805000;0
20260628 203600;69.800000;69.845000;69.800000;69.835000;0
20260628 203700;69.840000;69.870000;69.835000;69.865000;0
20260628 203800;69.860000;69.880000;69.850000;69.860000;0
20260628 203900;69.855000;69.855000;69.825000;69.850000;0
20260628 204000;69.855000;69.880000;69.800000;69.800000;0
20260628 204100;69.805000;69.855000;69.800000;69.855000;0
20260628 204200;69.860000;69.875000;69.850000;69.860000;0
20260628 204300;69.850000;69.945000;69.850000;69.945000;0
20260628 204400;69.940000;69.955000;69.905000;69.905000;0
20260628 204500;69.895000;69.950000;69.890000;69.950000;0
20260628 204600;69.945000;69.960000;69.915000;69.915000;0
20260628 204700;69.925000;69.985000;69.925000;69.975000;0
20260628 204800;69.970000;70.025000;69.965000;70.000000;0
20260628 204900;70.010000;70.025000;69.990000;69.990000;0
20260628 205000;69.985000;70.020000;69.960000;70.005000;0
20260628 205100;70.000000;70.000000;69.920000;69.930000;0
20260628 205200;69.940000;69.950000;69.915000;69.930000;0
20260628 205300;69.940000;69.940000;69.905000;69.905000;0
20260628 205400;69.915000;69.945000;69.915000;69.930000;0
20260628 205500;69.920000;69.920000;69.850000;69.860000;0
20260628 205600;69.855000;69.865000;69.845000;69.855000;0
20260628 205700;69.850000;69.910000;69.850000;69.910000;0
20260628 205800;69.905000;69.905000;69.870000;69.875000;0
20260628 205900;69.870000;69.870000;69.820000;69.830000;0
20260628 210000;69.835000;69.855000;69.730000;69.750000;0
20260628 210100;69.755000;69.870000;69.735000;69.810000;0
20260628 210200;69.805000;70.075000;69.773000;70.035000;0
20260628 210300;70.030000;70.085000;70.000000;70.045000;0
20260628 210400;70.040000;70.110000;70.025000;70.100000;0
20260628 210500;70.095000;70.100000;69.985000;69.985000;0
20260628 210600;69.980000;69.980000;69.885000;69.945000;0
20260628 210700;69.955000;70.025000;69.920000;70.010000;0
20260628 210800;70.005000;70.160000;70.000000;70.150000;0
20260628 210900;70.145000;70.170000;70.130000;70.140000;0
20260628 211000;70.130000;70.170000;70.110000;70.145000;0
20260628 211100;70.150000;70.200000;70.145000;70.160000;0
20260628 211200;70.165000;70.210000;70.135000;70.170000;0
20260628 211300;70.160000;70.200000;70.130000;70.140000;0
20260628 211400;70.130000;70.190000;70.100000;70.165000;0
20260628 211500;70.180000;70.190000;70.123000;70.180000;0
20260628 211600;70.170000;70.220000;70.150000;70.220000;0
20260628 211700;70.205000;70.250000;70.190000;70.235000;0
20260628 211800;70.240000;70.245000;70.140000;70.140000;0
20260628 211900;70.130000;70.160000;70.090000;70.100000;0
20260628 212000;70.095000;70.110000;70.048000;70.080000;0
20260628 212100;70.090000;70.150000;70.085000;70.090000;0
20260628 212200;70.085000;70.100000;70.055000;70.065000;0
20260628 212300;70.070000;70.105000;70.050000;70.100000;0
20260628 212400;70.105000;70.150000;70.100000;70.150000;0
20260628 212500;70.145000;70.230000;70.125000;70.220000;0
20260628 212600;70.215000;70.230000;70.170000;70.190000;0
20260628 212700;70.200000;70.210000;70.145000;70.150000;0
20260628 212800;70.140000;70.160000;70.100000;70.120000;0
20260628 212900;70.125000;70.145000;70.100000;70.100000;0
20260628 213000;70.095000;70.100000;70.015000;70.030000;0
20260628 213100;70.035000;70.110000;70.030000;70.105000;0
20260628 213200;70.110000;70.140000;70.090000;70.095000;0
20260628 213300;70.100000;70.110000;70.065000;70.080000;0
20260628 213400;70.085000;70.105000;70.060000;70.075000;0
20260628 213500;70.085000;70.120000;70.065000;70.070000;0
20260628 213600;70.065000;70.160000;70.065000;70.145000;0
20260628 213700;70.150000;70.180000;70.110000;70.135000;0
20260628 213800;70.130000;70.135000;70.085000;70.095000;0
20260628 213900;70.080000;70.090000;70.008000;70.060000;0
20260628 214000;70.065000;70.135000;70.055000;70.115000;0
20260628 214100;70.120000;70.120000;70.080000;70.110000;0
20260628 214200;70.105000;70.140000;70.045000;70.050000;0
20260628 214300;70.040000;70.060000;70.030000;70.050000;0
20260628 214400;70.060000;70.060000;69.968000;70.010000;0
20260628 214500;70.015000;70.070000;70.010000;70.040000;0
20260628 214600;70.030000;70.070000;70.000000;70.010000;0
20260628 214700;70.000000;70.020000;69.965000;69.980000;0
20260628 214800;69.975000;69.985000;69.940000;69.980000;0
20260628 214900;69.990000;70.080000;69.985000;70.045000;0
20260628 215000;70.030000;70.035000;69.958000;70.000000;0
20260628 215100;70.005000;70.030000;69.955000;69.955000;0
20260628 215200;69.960000;69.970000;69.945000;69.955000;0
20260628 215300;69.950000;70.050000;69.935000;70.050000;0
20260628 215400;70.040000;70.070000;70.020000;70.045000;0
20260628 215500;70.050000;70.080000;70.050000;70.050000;0
20260628 215600;70.040000;70.040000;70.010000;70.030000;0
20260628 215700;70.020000;70.030000;70.010000;70.020000;0
20260628 215800;70.030000;70.030000;69.940000;69.970000;0
20260628 215900;69.965000;69.985000;69.950000;69.975000;0
20260628 220000;69.970000;70.010000;69.950000;69.990000;0
20260628 220100;69.985000;70.030000;69.985000;70.020000;0
20260628 220200;70.030000;70.030000;69.930000;69.945000;0
20260628 220300;69.950000;70.020000;69.950000;70.005000;0
20260628 220400;70.000000;70.030000;70.000000;70.010000;0
20260628 220500;70.000000;70.040000;69.968000;70.040000;0
20260628 220600;70.030000;70.090000;70.025000;70.080000;0
20260628 220700;70.070000;70.085000;70.020000;70.020000;0
20260628 220800;70.030000;70.030000;70.005000;70.005000;0
20260628 220900;69.985000;69.985000;69.935000;69.950000;0
20260628 221000;69.935000;69.960000;69.935000;69.950000;0
20260628 221100;69.955000;70.050000;69.950000;69.990000;0
20260628 221200;69.995000;70.015000;69.970000;69.990000;0
20260628 221300;69.985000;69.990000;69.970000;69.980000;0
20260628 221400;69.965000;69.980000;69.955000;69.960000;0
20260628 221500;69.970000;69.990000;69.965000;69.970000;0
20260628 221600;69.980000;70.020000;69.980000;70.010000;0
20260628 221700;70.020000;70.035000;70.020000;70.025000;0
20260628 221800;70.035000;70.055000;70.035000;70.050000;0
20260628 221900;70.045000;70.060000;70.040000;70.050000;0
20260628 222000;70.045000;70.065000;70.008000;70.020000;0
20260628 222100;70.010000;70.040000;70.005000;70.040000;0
20260628 222200;70.035000;70.040000;70.015000;70.025000;0
20260628 222300;70.030000;70.040000;70.020000;70.040000;0
20260628 222400;70.025000;70.025000;69.995000;70.000000;0
20260628 222500;69.995000;70.020000;69.985000;69.990000;0
20260628 222600;69.995000;69.995000;69.955000;69.955000;0
20260628 222700;69.960000;69.965000;69.955000;69.960000;0
20260628 222800;69.955000;69.975000;69.955000;69.965000;0
20260628 222900;69.970000;70.010000;69.970000;70.005000;0
20260628 223000;70.010000;70.070000;69.945000;69.950000;0
20260628 223100;69.935000;69.950000;69.895000;69.905000;0
20260628 223200;69.910000;69.920000;69.885000;69.900000;0
20260628 223300;69.895000;69.925000;69.865000;69.900000;0
20260628 223400;69.905000;69.910000;69.850000;69.890000;0
20260628 223500;69.900000;69.930000;69.835000;69.835000;0
20260628 223600;69.830000;69.855000;69.785000;69.805000;0
20260628 223700;69.810000;69.810000;69.755000;69.780000;0
20260628 223800;69.790000;69.815000;69.765000;69.805000;0
20260628 223900;69.800000;69.865000;69.790000;69.860000;0
20260628 224000;69.865000;69.910000;69.865000;69.905000;0
20260628 224100;69.900000;69.920000;69.890000;69.920000;0
20260628 224200;69.925000;69.925000;69.800000;69.830000;0
20260628 224300;69.825000;69.865000;69.820000;69.850000;0
20260628 224400;69.845000;69.890000;69.845000;69.855000;0
20260628 224500;69.845000;69.870000;69.845000;69.845000;0
20260628 224600;69.840000;69.920000;69.835000;69.920000;0
20260628 224700;69.910000;69.910000;69.850000;69.865000;0
20260628 224800;69.870000;69.890000;69.835000;69.840000;0
20260628 224900;69.845000;69.870000;69.805000;69.820000;0
20260628 225000;69.825000;69.850000;69.820000;69.840000;0
20260628 225100;69.845000;69.855000;69.810000;69.840000;0
20260628 225200;69.845000;69.870000;69.835000;69.840000;0
20260628 225300;69.835000;69.850000;69.800000;69.800000;0
20260628 225400;69.805000;69.890000;69.790000;69.880000;0
20260628 225500;69.890000;69.895000;69.870000;69.880000;0
20260628 225600;69.875000;69.875000;69.845000;69.860000;0
20260628 225700;69.870000;69.895000;69.850000;69.870000;0
20260628 225800;69.880000;69.935000;69.875000;69.930000;0
20260628 225900;69.940000;69.950000;69.925000;69.930000;0
20260628 230000;69.883000;69.975000;69.883000;69.950000;0
20260628 230100;69.940000;69.995000;69.935000;69.995000;0
20260628 230200;70.005000;70.020000;69.965000;69.990000;0
20260628 230300;70.000000;70.060000;69.995000;70.040000;0
20260628 230400;70.030000;70.050000;70.005000;70.010000;0
20260628 230500;70.015000;70.025000;69.980000;70.000000;0
20260628 230600;69.995000;70.000000;69.915000;69.915000;0
20260628 230700;69.910000;69.910000;69.875000;69.890000;0
20260628 230800;69.885000;69.910000;69.880000;69.910000;0
20260628 230900;69.915000;69.930000;69.890000;69.915000;0
20260628 231000;69.910000;69.990000;69.910000;69.990000;0
20260628 231100;69.995000;70.035000;69.995000;70.010000;0
20260628 231200;70.030000;70.040000;70.000000;70.020000;0
20260628 231300;70.025000;70.060000;70.020000;70.050000;0
20260628 231400;70.045000;70.070000;70.040000;70.050000;0
20260628 231500;70.045000;70.060000;70.000000;70.010000;0
20260628 231600;70.020000;70.040000;70.010000;70.010000;0
20260628 231700;70.000000;70.005000;69.985000;69.990000;0
20260628 231800;69.995000;70.010000;69.985000;69.990000;0
20260628 231900;69.985000;70.015000;69.985000;69.990000;0
20260628 232000;69.985000;70.000000;69.970000;69.980000;0
20260628 232100;69.985000;70.015000;69.950000;69.950000;0
20260628 232200;69.940000;69.960000;69.930000;69.940000;0
20260628 232300;69.930000;69.940000;69.910000;69.910000;0
20260628 232400;69.915000;69.925000;69.895000;69.920000;0
20260628 232500;69.925000;69.940000;69.905000;69.910000;0
20260628 232600;69.905000;69.950000;69.900000;69.945000;0
20260628 232700;69.940000;69.970000;69.940000;69.970000;0
20260628 232800;69.975000;69.980000;69.950000;69.970000;0
20260628 232900;69.965000;70.020000;69.950000;69.985000;0
20260628 233000;69.970000;69.980000;69.915000;69.930000;0
20260628 233100;69.935000;69.940000;69.920000;69.925000;0
20260628 233200;69.920000;69.990000;69.920000;69.990000;0
20260628 233300;69.995000;70.005000;69.990000;69.995000;0
20260628 233400;69.990000;70.020000;69.990000;70.020000;0
20260628 233500;70.005000;70.005000;69.950000;69.950000;0
20260628 233600;69.955000;69.970000;69.955000;69.965000;0
20260628 233700;69.970000;69.970000;69.945000;69.960000;0
20260628 233800;69.965000;69.980000;69.965000;69.970000;0
20260628 233900;69.965000;69.975000;69.945000;69.945000;0
20260628 234000;69.940000;69.950000;69.935000;69.945000;0
20260628 234100;69.950000;69.960000;69.945000;69.960000;0
20260628 234200;69.955000;69.960000;69.940000;69.940000;0
20260628 234300;69.935000;69.955000;69.935000;69.955000;0
20260628 234400;69.950000;69.950000;69.895000;69.905000;0
20260628 234500;69.910000;69.910000;69.895000;69.905000;0
20260628 234600;69.925000;69.950000;69.910000;69.945000;0
20260628 234700;69.935000;69.955000;69.925000;69.930000;0
20260628 234800;69.935000;69.955000;69.920000;69.955000;0
20260628 234900;69.960000;69.960000;69.955000;69.955000;0
20260628 235000;69.945000;69.950000;69.925000;69.950000;0
20260628 235100;69.903000;70.030000;69.903000;70.010000;0
20260628 235200;70.000000;70.015000;70.000000;70.010000;0
20260628 235300;70.000000;70.070000;70.000000;70.065000;0
20260628 235400;70.060000;70.065000;70.040000;70.050000;0
20260628 235500;70.040000;70.040000;70.035000;70.040000;0
20260628 235600;70.030000;70.050000;70.030000;70.050000;0
20260628 235700;70.040000;70.050000;70.030000;70.040000;0
20260628 235800;70.050000;70.050000;70.040000;70.040000;0
20260628 235900;70.045000;70.050000;70.025000;70.030000;0
20260629 000000;70.040000;70.050000;70.010000;70.025000;0
20260629 000100;70.035000;70.060000;70.035000;70.050000;0
20260629 000200;70.045000;70.090000;70.045000;70.090000;0
20260629 000300;70.085000;70.100000;70.070000;70.090000;0
20260629 000400;70.100000;70.100000;70.080000;70.085000;0
20260629 000500;70.080000;70.080000;70.065000;70.065000;0
20260629 000600;70.070000;70.075000;70.060000;70.060000;0
20260629 000700;70.055000;70.055000;70.030000;70.040000;0
20260629 000800;70.050000;70.050000;70.030000;70.030000;0
20260629 000900;70.035000;70.035000;70.020000;70.030000;0
20260629 001000;70.040000;70.040000;70.025000;70.040000;0
20260629 001100;70.045000;70.045000;70.025000;70.025000;0
20260629 001200;70.030000;70.055000;70.020000;70.030000;0
20260629 001300;70.035000;70.040000;70.030000;70.040000;0
20260629 001400;70.045000;70.050000;70.035000;70.035000;0
20260629 001500;70.030000;70.050000;70.030000;70.050000;0
20260629 001600;70.055000;70.070000;70.055000;70.070000;0
20260629 001700;70.055000;70.085000;70.050000;70.080000;0
20260629 001800;70.075000;70.085000;70.008000;70.050000;0
20260629 001900;70.003000;70.055000;70.003000;70.050000;0
20260629 002000;70.045000;70.055000;70.045000;70.050000;0
20260629 002100;70.045000;70.050000;70.040000;70.040000;0
20260629 002200;70.045000;70.050000;70.040000;70.040000;0
20260629 002300;70.035000;70.045000;70.035000;70.040000;0
20260629 002400;70.035000;70.045000;70.025000;70.035000;0
20260629 002500;70.040000;70.040000;69.990000;69.990000;0
20260629 002600;70.020000;70.060000;70.020000;70.050000;0
20260629 002700;70.040000;70.040000;70.020000;70.020000;0
20260629 002800;70.025000;70.045000;70.025000;70.045000;0
20260629 002900;70.040000;70.040000;70.010000;70.010000;0
20260629 003000;70.015000;70.015000;69.985000;69.985000;0
20260629 003100;69.960000;69.970000;69.908000;69.970000;0
20260629 003200;69.990000;69.990000;69.950000;69.950000;0
20260629 003300;69.955000;69.970000;69.955000;69.965000;0
20260629 003400;69.960000;69.975000;69.960000;69.960000;0
20260629 003500;69.965000;69.980000;69.950000;69.970000;0
20260629 003600;69.965000;69.985000;69.965000;69.980000;0
20260629 003700;69.975000;69.990000;69.975000;69.990000;0
20260629 003800;69.995000;70.005000;69.990000;69.995000;0
20260629 003900;70.000000;70.015000;69.995000;70.000000;0
20260629 004000;69.990000;70.025000;69.985000;70.025000;0
20260629 004100;70.020000;70.030000;70.015000;70.020000;0
20260629 004200;70.010000;70.015000;70.000000;70.000000;0
20260629 004300;69.995000;69.995000;69.990000;69.990000;0
20260629 004400;69.980000;69.985000;69.960000;69.970000;0
20260629 004500;69.965000;70.005000;69.950000;70.000000;0
20260629 004600;69.995000;70.000000;69.980000;69.995000;0
20260629 004700;70.000000;70.010000;69.953000;70.010000;0
20260629 004800;70.000000;70.010000;70.000000;70.000000;0
20260629 004900;70.010000;70.015000;70.010000;70.015000;0
20260629 005000;70.010000;70.025000;70.010000;70.010000;0
20260629 005100;70.005000;70.005000;69.995000;70.000000;0
20260629 005200;69.995000;69.995000;69.985000;69.985000;0
20260629 005300;69.938000;69.980000;69.938000;69.980000;0
20260629 005400;69.985000;70.010000;69.960000;70.000000;0
20260629 005500;69.990000;70.000000;69.990000;70.000000;0
20260629 005600;69.995000;70.020000;69.990000;70.010000;0
20260629 005700;70.000000;70.000000;69.975000;69.990000;0
20260629 005800;69.980000;69.980000;69.960000;69.970000;0
20260629 005900;69.960000;69.970000;69.925000;69.930000;0
20260629 010000;69.920000;69.950000;69.905000;69.920000;0
20260629 010100;69.905000;69.910000;69.865000;69.870000;0
20260629 010200;69.875000;69.880000;69.840000;69.865000;0
20260629 010300;69.860000;69.920000;69.860000;69.920000;0
20260629 010400;69.925000;69.950000;69.920000;69.920000;0
20260629 010500;69.915000;69.920000;69.900000;69.900000;0
20260629 010600;69.910000;69.940000;69.890000;69.890000;0
20260629 010700;69.895000;69.895000;69.870000;69.875000;0
20260629 010800;69.880000;69.880000;69.820000;69.820000;0
20260629 010900;69.815000;69.820000;69.795000;69.795000;0
20260629 011000;69.800000;69.810000;69.750000;69.760000;0
20260629 011100;69.755000;69.770000;69.710000;69.710000;0
20260629 011200;69.720000;69.755000;69.705000;69.745000;0
20260629 011300;69.755000;69.755000;69.715000;69.720000;0
20260629 011400;69.725000;69.725000;69.655000;69.675000;0
20260629 011500;69.685000;69.730000;69.680000;69.700000;0
20260629 011600;69.705000;69.740000;69.705000;69.740000;0
20260629 011700;69.745000;69.810000;69.725000;69.810000;0
20260629 011800;69.820000;69.840000;69.810000;69.840000;0
20260629 011900;69.850000;69.860000;69.835000;69.850000;0
20260629 012000;69.845000;69.845000;69.810000;69.820000;0
20260629 012100;69.815000;69.820000;69.810000;69.820000;0
20260629 012200;69.810000;69.830000;69.805000;69.810000;0
20260629 012300;69.805000;69.820000;69.775000;69.810000;0
20260629 012400;69.820000;69.820000;69.810000;69.810000;0
20260629 012500;69.815000;69.840000;69.815000;69.815000;0
20260629 012600;69.820000;69.820000;69.780000;69.790000;0
20260629 012700;69.775000;69.790000;69.745000;69.750000;0
20260629 012800;69.745000;69.760000;69.740000;69.740000;0
20260629 012900;69.750000;69.750000;69.740000;69.740000;0
20260629 013000;69.760000;69.760000;69.500000;69.530000;0
20260629 013100;69.525000;69.550000;69.455000;69.470000;0
20260629 013200;69.480000;69.570000;69.465000;69.570000;0
20260629 013300;69.565000;69.585000;69.530000;69.540000;0
20260629 013400;69.550000;69.575000;69.455000;69.460000;0
20260629 013500;69.470000;69.580000;69.460000;69.575000;0
20260629 013600;69.580000;69.630000;69.570000;69.605000;0
20260629 013700;69.610000;69.610000;69.490000;69.500000;0
20260629 013800;69.495000;69.540000;69.485000;69.530000;0
20260629 013900;69.515000;69.525000;69.465000;69.470000;0
20260629 014000;69.465000;69.535000;69.460000;69.535000;0
20260629 014100;69.540000;69.550000;69.515000;69.550000;0
20260629 014200;69.545000;69.555000;69.515000;69.550000;0
20260629 014300;69.555000;69.575000;69.525000;69.535000;0
20260629 014400;69.540000;69.550000;69.485000;69.490000;0
20260629 014500;69.485000;69.530000;69.450000;69.530000;0
20260629 014600;69.550000;69.555000;69.527000;69.540000;0
20260629 014700;69.555000;69.580000;69.530000;69.580000;0
20260629 014800;69.575000;69.595000;69.530000;69.545000;0
20260629 014900;69.550000;69.615000;69.535000;69.600000;0
20260629 015000;69.595000;69.605000;69.575000;69.590000;0
20260629 015100;69.595000;69.615000;69.565000;69.600000;0
20260629 015200;69.605000;69.610000;69.570000;69.580000;0
20260629 015300;69.585000;69.610000;69.540000;69.600000;0
20260629 015400;69.605000;69.605000;69.550000;69.560000;0
20260629 015500;69.550000;69.555000;69.525000;69.540000;0
20260629 015600;69.545000;69.545000;69.378000;69.430000;0
20260629 015700;69.425000;69.480000;69.420000;69.460000;0
20260629 015800;69.450000;69.510000;69.450000;69.500000;0
20260629 015900;69.495000;69.495000;69.450000;69.470000;0
20260629 020000;69.423000;69.515000;69.423000;69.480000;0
20260629 020100;69.475000;69.590000;69.460000;69.575000;0
20260629 020200;69.570000;69.610000;69.540000;69.600000;0
20260629 020300;69.610000;69.625000;69.585000;69.610000;0
20260629 020400;69.615000;69.655000;69.610000;69.645000;0
20260629 020500;69.650000;69.660000;69.590000;69.610000;0
20260629 020600;69.620000;69.700000;69.620000;69.685000;0
20260629 020700;69.690000;69.700000;69.605000;69.610000;0
20260629 020800;69.615000;69.655000;69.610000;69.620000;0
20260629 020900;69.625000;69.685000;69.610000;69.680000;0
20260629 021000;69.670000;69.750000;69.670000;69.750000;0
20260629 021100;69.755000;69.795000;69.745000;69.785000;0
20260629 021200;69.780000;69.810000;69.765000;69.790000;0
20260629 021300;69.775000;69.810000;69.743000;69.810000;0
20260629 021400;69.805000;69.805000;69.705000;69.710000;0
20260629 021500;69.715000;69.750000;69.700000;69.750000;0
20260629 021600;69.760000;69.775000;69.675000;69.690000;0
20260629 021700;69.685000;69.690000;69.635000;69.640000;0
20260629 021800;69.645000;69.735000;69.625000;69.730000;0
20260629 021900;69.735000;69.755000;69.735000;69.750000;0
20260629 022000;69.755000;69.790000;69.745000;69.785000;0
20260629 022100;69.780000;69.820000;69.765000;69.815000;0
20260629 022200;69.810000;69.850000;69.810000;69.850000;0
20260629 022300;69.855000;69.930000;69.855000;69.925000;0
20260629 022400;69.915000;70.010000;69.915000;69.990000;0
20260629 022500;69.995000;70.030000;69.995000;70.015000;0
20260629 022600;70.010000;70.045000;69.965000;70.030000;0
20260629 022700;70.035000;70.045000;70.010000;70.035000;0
20260629 022800;70.025000;70.050000;70.000000;70.030000;0
20260629 022900;70.020000;70.065000;70.010000;70.050000;0
20260629 023000;70.055000;70.170000;70.055000;70.145000;0
20260629 023100;70.155000;70.200000;70.115000;70.155000;0
20260629 023200;70.150000;70.215000;70.140000;70.170000;0
20260629 023300;70.165000;70.180000;70.065000;70.065000;0
20260629 023400;70.070000;70.165000;70.070000;70.160000;0
20260629 023500;70.155000;70.245000;70.150000;70.225000;0
20260629 023600;70.230000;70.270000;70.208000;70.220000;0
20260629 023700;70.225000;70.235000;70.170000;70.200000;0
20260629 023800;70.205000;70.210000;70.170000;70.175000;0
20260629 023900;70.180000;70.210000;70.165000;70.170000;0
20260629 024000;70.160000;70.185000;70.150000;70.160000;0
20260629 024100;70.155000;70.185000;70.150000;70.170000;0
20260629 024200;70.175000;70.185000;70.155000;70.180000;0
20260629 024300;70.175000;70.185000;70.170000;70.175000;0
20260629 024400;70.165000;70.220000;70.165000;70.200000;0
20260629 024500;70.195000;70.235000;70.140000;70.140000;0
20260629 024600;70.130000;70.200000;70.088000;70.155000;0
20260629 024700;70.150000;70.175000;70.130000;70.130000;0
20260629 024800;70.135000;70.165000;70.110000;70.120000;0
20260629 024900;70.125000;70.175000;70.125000;70.135000;0
20260629 025000;70.130000;70.150000;70.060000;70.070000;0
20260629 025100;70.065000;70.065000;69.995000;70.010000;0
20260629 025200;70.025000;70.030000;69.938000;69.990000;0
20260629 025300;69.980000;70.015000;69.955000;69.955000;0
20260629 025400;69.950000;69.965000;69.930000;69.940000;0
20260629 025500;69.950000;69.950000;69.895000;69.910000;0
20260629 025600;69.868000;69.925000;69.863000;69.890000;0
20260629 025700;69.885000;69.895000;69.830000;69.895000;0
20260629 025800;69.905000;69.920000;69.880000;69.900000;0
20260629 025900;69.905000;69.940000;69.885000;69.930000;0
20260629 030000;69.925000;69.925000;69.823000;69.835000;0
20260629 030100;69.830000;69.950000;69.810000;69.950000;0
20260629 030200;69.935000;69.945000;69.865000;69.865000;0
20260629 030300;69.870000;69.900000;69.855000;69.895000;0
20260629 030400;69.900000;69.965000;69.900000;69.930000;0
20260629 030500;69.925000;69.930000;69.885000;69.915000;0
20260629 030600;69.910000;69.970000;69.905000;69.925000;0
20260629 030700;69.920000;69.920000;69.865000;69.900000;0
20260629 030800;69.895000;69.895000;69.855000;69.875000;0
20260629 030900;69.900000;69.945000;69.900000;69.910000;0
20260629 031000;69.905000;69.950000;69.900000;69.940000;0
20260629 031100;69.945000;69.945000;69.895000;69.905000;0
20260629 031200;69.900000;69.930000;69.850000;69.860000;0
20260629 031300;69.855000;69.900000;69.855000;69.900000;0
20260629 031400;69.895000;69.895000;69.793000;69.855000;0
20260629 031500;69.845000;69.855000;69.825000;69.825000;0
20260629 031600;69.830000;69.880000;69.825000;69.845000;0
20260629 031700;69.830000;69.835000;69.755000;69.785000;0
20260629 031800;69.775000;69.795000;69.745000;69.765000;0
20260629 031900;69.760000;69.855000;69.750000;69.840000;0
20260629 032000;69.845000;69.870000;69.835000;69.845000;0
20260629 032100;69.840000;69.880000;69.840000;69.870000;0
20260629 032200;69.865000;69.915000;69.785000;69.880000;0
20260629 032300;69.875000;69.915000;69.835000;69.835000;0
20260629 032400;69.830000;69.905000;69.830000;69.905000;0
20260629 032500;69.900000;69.905000;69.840000;69.905000;0
20260629 032600;69.910000;69.980000;69.900000;69.945000;0
20260629 032700;69.940000;69.945000;69.905000;69.910000;0
20260629 032800;69.905000;69.925000;69.865000;69.875000;0
20260629 032900;69.885000;69.945000;69.865000;69.925000;0
20260629 033000;69.920000;69.990000;69.910000;69.965000;0
20260629 033100;69.975000;69.980000;69.910000;69.920000;0
20260629 033200;69.915000;69.915000;69.875000;69.880000;0
20260629 033300;69.875000;69.910000;69.870000;69.890000;0
20260629 033400;69.885000;69.885000;69.790000;69.800000;0
20260629 033500;69.795000;69.855000;69.795000;69.850000;0
20260629 033600;69.855000;69.855000;69.725000;69.730000;0
20260629 033700;69.725000;69.750000;69.695000;69.700000;0
20260629 033800;69.685000;69.700000;69.625000;69.625000;0
20260629 033900;69.620000;69.635000;69.595000;69.615000;0
20260629 034000;69.625000;69.670000;69.600000;69.650000;0
20260629 034100;69.655000;69.665000;69.605000;69.615000;0
20260629 034200;69.625000;69.655000;69.605000;69.625000;0
20260629 034300;69.620000;69.630000;69.605000;69.610000;0
20260629 034400;69.605000;69.660000;69.605000;69.660000;0
20260629 034500;69.618000;69.745000;69.618000;69.745000;0
20260629 034600;69.740000;69.755000;69.720000;69.730000;0
20260629 034700;69.720000;69.745000;69.685000;69.710000;0
20260629 034800;69.715000;69.735000;69.635000;69.645000;0
20260629 034900;69.650000;69.715000;69.635000;69.700000;0
20260629 035000;69.705000;69.710000;69.625000;69.635000;0
20260629 035100;69.630000;69.645000;69.510000;69.510000;0
20260629 035200;69.515000;69.535000;69.455000;69.535000;0
20260629 035300;69.530000;69.550000;69.490000;69.510000;0
20260629 035400;69.505000;69.585000;69.495000;69.580000;0
20260629 035500;69.585000;69.590000;69.465000;69.520000;0
20260629 035600;69.515000;69.575000;69.505000;69.550000;0
20260629 035700;69.545000;69.555000;69.465000;69.510000;0
20260629 035800;69.505000;69.540000;69.465000;69.535000;0
20260629 035900;69.530000;69.550000;69.495000;69.505000;0
20260629 040000;69.500000;69.590000;69.475000;69.570000;0
20260629 040100;69.565000;69.620000;69.565000;69.590000;0
20260629 040200;69.585000;69.590000;69.530000;69.540000;0
20260629 040300;69.535000;69.610000;69.500000;69.600000;0
20260629 040400;69.615000;69.750000;69.605000;69.750000;0
20260629 040500;69.760000;69.805000;69.745000;69.775000;0
20260629 040600;69.780000;69.795000;69.745000;69.765000;0
20260629 040700;69.760000;69.765000;69.655000;69.760000;0
20260629 040800;69.765000;69.800000;69.720000;69.765000;0
20260629 040900;69.745000;69.800000;69.695000;69.730000;0
20260629 041000;69.715000;69.790000;69.715000;69.790000;0
20260629 041100;69.795000;69.855000;69.780000;69.850000;0
20260629 041200;69.845000;69.860000;69.810000;69.825000;0
20260629 041300;69.815000;69.885000;69.815000;69.860000;0
20260629 041400;69.865000;69.895000;69.830000;69.830000;0
20260629 041500;69.835000;69.890000;69.760000;69.870000;0
20260629 041600;69.875000;69.975000;69.870000;69.975000;0
20260629 041700;69.985000;70.010000;69.970000;69.995000;0
20260629 041800;69.990000;70.005000;69.910000;69.980000;0
20260629 041900;69.990000;70.040000;69.980000;70.010000;0
20260629 042000;70.005000;70.025000;69.950000;69.995000;0
20260629 042100;69.990000;69.990000;69.940000;69.960000;0
20260629 042200;69.955000;70.000000;69.940000;69.985000;0
20260629 042300;69.990000;70.035000;69.960000;69.985000;0
20260629 042400;70.000000;70.105000;69.990000;70.065000;0
20260629 042500;70.070000;70.070000;69.965000;70.035000;0
20260629 042600;70.025000;70.075000;69.990000;70.045000;0
20260629 042700;70.050000;70.065000;69.945000;70.005000;0
20260629 042800;70.010000;70.035000;69.975000;70.000000;0
20260629 042900;70.010000;70.195000;70.010000;70.140000;0
20260629 043000;70.135000;70.205000;70.110000;70.115000;0
20260629 043100;70.120000;70.145000;70.095000;70.135000;0
20260629 043200;70.145000;70.185000;70.105000;70.185000;0
20260629 043300;70.180000;70.215000;70.150000;70.195000;0
20260629 043400;70.205000;70.215000;70.135000;70.135000;0
20260629 043500;70.130000;70.175000;70.110000;70.145000;0
20260629 043600;70.140000;70.140000;69.935000;69.935000;0
20260629 043700;69.930000;69.975000;69.915000;69.970000;0
20260629 043800;69.975000;70.080000;69.950000;70.070000;0
20260629 043900;70.075000;70.090000;70.040000;70.045000;0
20260629 044000;70.050000;70.110000;69.995000;70.100000;0
20260629 044100;70.095000;70.095000;70.025000;70.035000;0
20260629 044200;70.030000;70.080000;70.010000;70.025000;0
20260629 044300;70.030000;70.075000;70.025000;70.060000;0
20260629 044400;70.055000;70.065000;70.020000;70.050000;0
20260629 044500;70.045000;70.125000;70.040000;70.120000;0
20260629 044600;70.125000;70.150000;70.115000;70.135000;0
20260629 044700;70.140000;70.150000;70.050000;70.060000;0
20260629 044800;70.065000;70.095000;69.933000;69.990000;0
20260629 044900;69.985000;70.000000;69.970000;69.985000;0
20260629 045000;69.975000;69.980000;69.910000;69.945000;0
20260629 045100;69.950000;69.960000;69.900000;69.950000;0
20260629 045200;69.955000;70.010000;69.945000;69.980000;0
20260629 045300;69.975000;70.050000;69.945000;70.050000;0
20260629 045400;70.055000;70.145000;70.033000;70.145000;0
20260629 045500;70.135000;70.255000;70.135000;70.180000;0
20260629 045600;70.175000;70.195000;70.115000;70.170000;0
20260629 045700;70.160000;70.190000;70.108000;70.175000;0
20260629 045800;70.180000;70.195000;70.085000;70.110000;0
20260629 045900;70.115000;70.145000;70.105000;70.110000;0
20260629 050000;70.068000;70.190000;70.063000;70.075000;0
20260629 050100;70.080000;70.080000;70.025000;70.045000;0
20260629 050200;70.060000;70.170000;70.053000;70.100000;0
20260629 050300;70.105000;70.120000;70.080000;70.085000;0
20260629 050400;70.080000;70.120000;70.050000;70.115000;0
20260629 050500;70.110000;70.110000;70.035000;70.035000;0
20260629 050600;70.030000;70.145000;70.000000;70.105000;0
20260629 050700;70.110000;70.120000;70.050000;70.075000;0
20260629 050800;70.070000;70.100000;70.035000;70.035000;0
20260629 050900;70.030000;70.035000;69.985000;69.985000;0
20260629 051000;69.995000;70.025000;69.985000;69.990000;0
20260629 051100;69.985000;70.015000;69.950000;70.005000;0
20260629 051200;70.000000;70.015000;69.980000;69.985000;0
20260629 051300;69.980000;70.015000;69.955000;69.980000;0
20260629 051400;69.985000;70.025000;69.980000;69.995000;0
20260629 051500;69.975000;69.985000;69.895000;69.915000;0
20260629 051600;69.910000;69.925000;69.895000;69.895000;0
20260629 051700;69.885000;70.000000;69.885000;69.990000;0
20260629 051800;69.995000;70.060000;69.985000;70.040000;0
20260629 051900;70.045000;70.060000;69.978000;70.050000;0
20260629 052000;70.055000;70.145000;70.055000;70.145000;0
20260629 052100;70.130000;70.140000;70.105000;70.105000;0
20260629 052200;70.095000;70.190000;70.065000;70.185000;0
20260629 052300;70.180000;70.225000;70.160000;70.195000;0
20260629 052400;70.190000;70.205000;70.170000;70.190000;0
20260629 052500;70.185000;70.210000;70.165000;70.210000;0
20260629 052600;70.225000;70.245000;70.185000;70.240000;0
20260629 052700;70.230000;70.255000;70.225000;70.240000;0
20260629 052800;70.245000;70.275000;70.180000;70.265000;0
20260629 052900;70.260000;70.335000;70.245000;70.305000;0
20260629 053000;70.310000;70.345000;70.275000;70.315000;0
20260629 053100;70.310000;70.395000;70.310000;70.365000;0
20260629 053200;70.375000;70.445000;70.375000;70.395000;0
20260629 053300;70.400000;70.425000;70.370000;70.385000;0
20260629 053400;70.390000;70.445000;70.365000;70.430000;0
20260629 053500;70.425000;70.455000;70.405000;70.455000;0
20260629 053600;70.445000;70.495000;70.413000;70.445000;0
20260629 053700;70.450000;70.455000;70.420000;70.435000;0
20260629 053800;70.430000;70.455000;70.400000;70.405000;0
20260629 053900;70.400000;70.425000;70.390000;70.405000;0
20260629 054000;70.420000;70.430000;70.385000;70.390000;0
20260629 054100;70.400000;70.430000;70.385000;70.405000;0
20260629 054200;70.400000;70.435000;70.400000;70.410000;0
20260629 054300;70.405000;70.430000;70.400000;70.400000;0
20260629 054400;70.405000;70.420000;70.350000;70.350000;0
20260629 054500;70.355000;70.370000;70.340000;70.350000;0
20260629 054600;70.355000;70.365000;70.345000;70.355000;0
20260629 054700;70.350000;70.380000;70.335000;70.360000;0
20260629 054800;70.365000;70.420000;70.355000;70.410000;0
20260629 054900;70.405000;70.470000;70.395000;70.460000;0
20260629 055000;70.475000;70.545000;70.460000;70.545000;0
20260629 055100;70.540000;70.680000;70.530000;70.680000;0
20260629 055200;70.670000;70.695000;70.550000;70.605000;0
20260629 055300;70.590000;70.620000;70.555000;70.570000;0
20260629 055400;70.575000;70.660000;70.560000;70.660000;0
20260629 055500;70.665000;70.700000;70.625000;70.630000;0
20260629 055600;70.620000;70.625000;70.575000;70.585000;0
20260629 055700;70.580000;70.610000;70.535000;70.570000;0
20260629 055800;70.575000;70.625000;70.535000;70.560000;0
20260629 055900;70.555000;70.590000;70.540000;70.575000;0
20260629 060000;70.570000;70.590000;70.540000;70.540000;0
20260629 060100;70.545000;70.565000;70.505000;70.510000;0
20260629 060200;70.505000;70.505000;70.388000;70.415000;0
20260629 060300;70.405000;70.420000;70.363000;70.415000;0
20260629 060400;70.420000;70.445000;70.385000;70.405000;0
20260629 060500;70.410000;70.410000;70.355000;70.370000;0
20260629 060600;70.375000;70.380000;70.265000;70.285000;0
20260629 060700;70.295000;70.315000;70.295000;70.305000;0
20260629 060800;70.310000;70.335000;70.215000;70.215000;0
20260629 060900;70.220000;70.235000;70.063000;70.120000;0
20260629 061000;70.125000;70.135000;70.070000;70.080000;0
20260629 061100;70.085000;70.135000;70.023000;70.095000;0
20260629 061200;70.090000;70.095000;69.953000;69.975000;0
20260629 061300;69.970000;70.075000;69.970000;70.075000;0
20260629 061400;70.070000;70.090000;70.025000;70.045000;0
20260629 061500;70.040000;70.090000;70.040000;70.070000;0
20260629 061600;70.060000;70.065000;70.020000;70.035000;0
20260629 061700;70.030000;70.030000;69.915000;69.925000;0
20260629 061800;69.920000;69.985000;69.920000;69.930000;0
20260629 061900;69.920000;69.925000;69.855000;69.900000;0
20260629 062000;69.910000;69.920000;69.855000;69.890000;0
20260629 062100;69.885000;69.895000;69.855000;69.855000;0
20260629 062200;69.860000;69.915000;69.855000;69.915000;0
20260629 062300;69.920000;69.925000;69.850000;69.885000;0
20260629 062400;69.890000;69.895000;69.860000;69.890000;0
20260629 062500;69.895000;69.930000;69.875000;69.900000;0
20260629 062600;69.895000;69.930000;69.895000;69.910000;0
20260629 062700;69.905000;69.970000;69.895000;69.970000;0
20260629 062800;69.965000;69.970000;69.925000;69.965000;0
20260629 062900;69.945000;69.995000;69.940000;69.965000;0
20260629 063000;69.970000;70.030000;69.965000;69.985000;0
20260629 063100;69.990000;70.045000;69.970000;70.045000;0
20260629 063200;70.050000;70.080000;70.008000;70.060000;0
20260629 063300;70.055000;70.060000;70.035000;70.055000;0
20260629 063400;70.060000;70.085000;69.920000;69.940000;0
20260629 063500;69.945000;70.000000;69.925000;69.990000;0
20260629 063600;70.000000;70.010000;69.955000;69.965000;0
20260629 063700;69.970000;69.975000;69.925000;69.940000;0
20260629 063800;69.945000;69.995000;69.945000;69.980000;0
20260629 063900;69.970000;69.975000;69.878000;69.950000;0
20260629 064000;69.965000;69.970000;69.930000;69.950000;0
20260629 064100;69.945000;69.965000;69.885000;69.890000;0
20260629 064200;69.900000;69.910000;69.865000;69.885000;0
20260629 064300;69.880000;69.925000;69.835000;69.920000;0
20260629 064400;69.915000;69.925000;69.870000;69.870000;0
20260629 064500;69.865000;69.935000;69.865000;69.920000;0
20260629 064600;69.915000;69.920000;69.860000;69.860000;0
20260629 064700;69.865000;69.927000;69.840000;69.910000;0
20260629 064800;69.905000;69.965000;69.895000;69.950000;0
20260629 064900;69.945000;69.955000;69.930000;69.940000;0
20260629 065000;69.930000;69.930000;69.860000;69.865000;0
20260629 065100;69.870000;69.870000;69.800000;69.805000;0
20260629 065200;69.810000;69.825000;69.775000;69.810000;0
20260629 065300;69.805000;69.825000;69.778000;69.820000;0
20260629 065400;69.835000;69.835000;69.800000;69.830000;0
20260629 065500;69.825000;69.855000;69.825000;69.840000;0
20260629 065600;69.845000;69.860000;69.830000;69.855000;0
20260629 065700;69.850000;69.855000;69.800000;69.800000;0
20260629 065800;69.805000;69.835000;69.795000;69.825000;0
20260629 065900;69.820000;69.835000;69.815000;69.830000;0
20260629 070000;69.835000;69.835000;69.753000;69.780000;0
20260629 070100;69.785000;69.815000;69.740000;69.785000;0
20260629 070200;69.780000;69.840000;69.775000;69.785000;0
20260629 070300;69.810000;69.825000;69.795000;69.805000;0
20260629 070400;69.810000;69.825000;69.780000;69.820000;0
20260629 070500;69.815000;69.825000;69.765000;69.765000;0
20260629 070600;69.760000;69.775000;69.710000;69.715000;0
20260629 070700;69.705000;69.810000;69.700000;69.795000;0
20260629 070800;69.790000;69.795000;69.730000;69.755000;0
20260629 070900;69.750000;69.775000;69.665000;69.735000;0
20260629 071000;69.745000;69.745000;69.705000;69.745000;0
20260629 071100;69.740000;69.755000;69.720000;69.725000;0
20260629 071200;69.720000;69.745000;69.705000;69.720000;0
20260629 071300;69.725000;69.755000;69.705000;69.715000;0
20260629 071400;69.725000;69.775000;69.720000;69.770000;0
20260629 071500;69.765000;69.915000;69.765000;69.885000;0
20260629 071600;69.890000;69.925000;69.853000;69.895000;0
20260629 071700;69.885000;69.885000;69.815000;69.835000;0
20260629 071800;69.830000;69.860000;69.825000;69.860000;0
20260629 071900;69.875000;69.965000;69.863000;69.955000;0
20260629 072000;69.960000;70.005000;69.913000;69.950000;0
20260629 072100;69.945000;70.010000;69.905000;69.990000;0
20260629 072200;69.995000;70.005000;69.980000;69.985000;0
20260629 072300;69.980000;69.990000;69.925000;69.935000;0
20260629 072400;69.925000;69.980000;69.920000;69.970000;0
20260629 072500;69.985000;69.990000;69.930000;69.950000;0
20260629 072600;69.940000;69.940000;69.898000;69.915000;0
20260629 072700;69.920000;69.985000;69.920000;69.965000;0
20260629 072800;69.975000;69.980000;69.970000;69.970000;0
20260629 072900;69.960000;70.000000;69.938000;69.990000;0
20260629 073000;70.000000;70.025000;69.995000;70.010000;0
20260629 073100;70.040000;70.040000;69.558000;69.750000;0
20260629 073200;69.755000;69.900000;69.740000;69.900000;0
20260629 073300;69.895000;69.950000;69.890000;69.940000;0
20260629 073400;69.945000;70.045000;69.930000;69.970000;0
20260629 073500;69.990000;70.055000;69.990000;70.020000;0
20260629 073600;70.025000;70.025000;69.915000;69.915000;0
20260629 073700;69.920000;69.955000;69.910000;69.950000;0
20260629 073800;69.945000;69.950000;69.935000;69.940000;0
20260629 073900;69.945000;69.960000;69.940000;69.955000;0
20260629 074000;69.945000;69.955000;69.905000;69.905000;0
20260629 074100;69.900000;69.900000;69.745000;69.780000;0
20260629 074200;69.770000;69.840000;69.713000;69.825000;0
20260629 074300;69.820000;69.840000;69.778000;69.830000;0
20260629 074400;69.825000;69.875000;69.810000;69.820000;0
20260629 074500;69.815000;69.845000;69.815000;69.820000;0
20260629 074600;69.815000;69.845000;69.810000;69.830000;0
20260629 074700;69.825000;69.845000;69.825000;69.835000;0
20260629 074800;69.830000;69.870000;69.810000;69.830000;0
20260629 074900;69.815000;69.830000;69.805000;69.815000;0
20260629 075000;69.810000;69.820000;69.730000;69.735000;0
20260629 075100;69.730000;69.730000;69.675000;69.700000;0
20260629 075200;69.695000;69.745000;69.680000;69.725000;0
20260629 075300;69.730000;69.760000;69.715000;69.740000;0
20260629 075400;69.745000;69.795000;69.715000;69.725000;0
20260629 075500;69.720000;69.780000;69.715000;69.770000;0
20260629 075600;69.775000;69.890000;69.743000;69.855000;0
20260629 075700;69.860000;69.880000;69.850000;69.860000;0
20260629 075800;69.865000;69.885000;69.855000;69.870000;0
20260629 075900;69.875000;69.950000;69.870000;69.950000;0
20260629 080000;69.945000;70.015000;69.920000;69.925000;0
20260629 080100;69.920000;69.995000;69.910000;69.990000;0
20260629 080200;69.985000;70.055000;69.965000;70.040000;0
20260629 080300;70.035000;70.035000;69.940000;69.950000;0
20260629 080400;69.955000;69.995000;69.950000;69.980000;0
20260629 080500;69.985000;69.985000;69.900000;69.925000;0
20260629 080600;69.940000;69.965000;69.915000;69.920000;0
20260629 080700;69.915000;69.940000;69.890000;69.940000;0
20260629 080800;69.930000;69.955000;69.885000;69.900000;0
20260629 080900;69.890000;69.900000;69.800000;69.820000;0
20260629 081000;69.825000;69.830000;69.658000;69.760000;0
20260629 081100;69.750000;69.790000;69.735000;69.780000;0
20260629 081200;69.760000;69.850000;69.745000;69.850000;0
20260629 081300;69.845000;69.870000;69.815000;69.825000;0
20260629 081400;69.830000;69.870000;69.795000;69.850000;0
20260629 081500;69.855000;70.015000;69.855000;70.010000;0
20260629 081600;70.000000;70.035000;69.975000;70.020000;0
20260629 081700;70.015000;70.025000;69.925000;69.960000;0
20260629 081800;69.955000;70.005000;69.950000;69.970000;0
20260629 081900;69.965000;70.005000;69.928000;69.980000;0
20260629 082000;69.975000;70.040000;69.975000;70.000000;0
20260629 082100;69.995000;70.005000;69.955000;69.955000;0
20260629 082200;69.965000;69.995000;69.955000;69.990000;0
20260629 082300;69.985000;70.040000;69.970000;70.020000;0
20260629 082400;70.015000;70.020000;69.965000;69.970000;0
20260629 082500;69.975000;70.025000;69.960000;70.005000;0
20260629 082600;70.015000;70.035000;69.995000;69.995000;0
20260629 082700;69.990000;70.110000;69.990000;70.095000;0
20260629 082800;70.100000;70.115000;70.003000;70.065000;0
20260629 082900;70.080000;70.120000;70.065000;70.110000;0
20260629 083000;70.115000;70.115000;70.050000;70.065000;0
20260629 083100;70.060000;70.110000;70.050000;70.065000;0
20260629 083200;70.055000;70.075000;70.050000;70.075000;0
20260629 083300;70.070000;70.085000;70.055000;70.080000;0
20260629 083400;70.075000;70.085000;70.050000;70.055000;0
20260629 083500;70.050000;70.055000;69.965000;69.985000;0
20260629 083600;69.980000;69.985000;69.935000;69.955000;0
20260629 083700;69.965000;70.025000;69.960000;70.025000;0
20260629 083800;70.030000;70.080000;70.015000;70.065000;0
20260629 083900;70.055000;70.060000;70.015000;70.025000;0
20260629 084000;70.030000;70.115000;70.005000;70.115000;0
20260629 084100;70.120000;70.150000;70.043000;70.140000;0
20260629 084200;70.135000;70.150000;70.070000;70.080000;0
20260629 084300;70.085000;70.095000;70.035000;70.040000;0
20260629 084400;70.035000;70.065000;69.945000;69.955000;0
20260629 084500;69.913000;70.000000;69.913000;69.970000;0
20260629 084600;69.965000;70.005000;69.950000;69.995000;0
20260629 084700;69.980000;70.015000;69.915000;69.950000;0
20260629 084800;69.955000;69.980000;69.940000;69.960000;0
20260629 084900;69.955000;69.985000;69.950000;69.965000;0
20260629 085000;69.970000;69.990000;69.945000;69.955000;0
20260629 085100;69.965000;70.045000;69.965000;70.020000;0
20260629 085200;70.015000;70.020000;69.835000;69.835000;0
20260629 085300;69.845000;69.875000;69.810000;69.875000;0
20260629 085400;69.885000;69.995000;69.885000;69.995000;0
20260629 085500;69.985000;70.005000;69.955000;69.995000;0
20260629 085600;69.985000;70.025000;69.965000;70.015000;0
20260629 085700;70.020000;70.075000;69.985000;70.060000;0
20260629 085800;70.055000;70.070000;70.035000;70.035000;0
20260629 085900;70.045000;70.060000;69.985000;70.015000;0
20260629 090000;70.010000;70.135000;69.933000;70.075000;0
20260629 090100;70.080000;70.115000;70.030000;70.105000;0
20260629 090200;70.100000;70.145000;69.970000;69.985000;0
20260629 090300;69.975000;69.985000;69.900000;69.925000;0
20260629 090400;69.945000;70.005000;69.865000;69.985000;0
20260629 090500;69.980000;70.020000;69.895000;69.940000;0
20260629 090600;69.930000;70.015000;69.890000;69.955000;0
20260629 090700;69.950000;70.050000;69.945000;70.035000;0
20260629 090800;70.030000;70.055000;69.960000;69.960000;0
20260629 090900;69.965000;70.055000;69.945000;70.055000;0
20260629 091000;70.045000;70.135000;70.045000;70.090000;0
20260629 091100;70.070000;70.095000;70.030000;70.085000;0
20260629 091200;70.080000;70.115000;69.945000;69.955000;0
20260629 091300;69.945000;70.005000;69.945000;69.995000;0
20260629 091400;70.005000;70.055000;69.985000;70.045000;0
20260629 091500;70.040000;70.085000;70.015000;70.070000;0
20260629 091600;70.075000;70.155000;70.035000;70.100000;0
20260629 091700;70.095000;70.145000;70.095000;70.135000;0
20260629 091800;70.125000;70.185000;70.123000;70.160000;0
20260629 091900;70.165000;70.165000;69.965000;69.965000;0
20260629 092000;69.960000;70.065000;69.940000;70.055000;0
20260629 092100;70.050000;70.185000;70.035000;70.145000;0
20260629 092200;70.150000;70.225000;70.150000;70.175000;0
20260629 092300;70.180000;70.210000;70.135000;70.195000;0
20260629 092400;70.200000;70.245000;70.185000;70.235000;0
20260629 092500;70.230000;70.265000;70.185000;70.235000;0
20260629 092600;70.230000;70.230000;70.138000;70.175000;0
20260629 092700;70.185000;70.245000;70.175000;70.235000;0
20260629 092800;70.240000;70.255000;70.198000;70.235000;0
20260629 092900;70.245000;70.255000;70.225000;70.235000;0
20260629 093000;70.245000;70.285000;70.075000;70.100000;0
20260629 093100;70.095000;70.155000;70.085000;70.105000;0
20260629 093200;70.110000;70.210000;70.100000;70.190000;0
20260629 093300;70.185000;70.235000;70.160000;70.170000;0
20260629 093400;70.165000;70.230000;70.165000;70.185000;0
20260629 093500;70.190000;70.215000;70.140000;70.150000;0
20260629 093600;70.155000;70.155000;70.045000;70.065000;0
20260629 093700;70.075000;70.090000;70.020000;70.040000;0
20260629 093800;70.035000;70.125000;70.025000;70.105000;0
20260629 093900;70.100000;70.105000;70.033000;70.085000;0
20260629 094000;70.080000;70.080000;70.015000;70.030000;0
20260629 094100;70.025000;70.035000;69.945000;70.010000;0
20260629 094200;70.005000;70.015000;69.975000;70.010000;0
20260629 094300;70.015000;70.065000;69.985000;70.050000;0
20260629 094400;70.055000;70.075000;70.005000;70.050000;0
20260629 094500;70.055000;70.115000;70.010000;70.035000;0
20260629 094600;70.040000;70.090000;70.040000;70.065000;0
20260629 094700;70.055000;70.185000;70.055000;70.165000;0
20260629 094800;70.170000;70.170000;70.090000;70.110000;0
20260629 094900;70.100000;70.150000;70.085000;70.095000;0
20260629 095000;70.085000;70.135000;70.048000;70.125000;0
20260629 095100;70.130000;70.205000;70.120000;70.195000;0
20260629 095200;70.185000;70.225000;70.175000;70.215000;0
20260629 095300;70.220000;70.265000;70.175000;70.255000;0
20260629 095400;70.245000;70.255000;70.195000;70.210000;0
20260629 095500;70.205000;70.215000;70.175000;70.185000;0
20260629 095600;70.180000;70.205000;70.125000;70.155000;0
20260629 095700;70.145000;70.145000;70.070000;70.125000;0
20260629 095800;70.130000;70.130000;70.050000;70.075000;0
20260629 095900;70.060000;70.090000;70.045000;70.060000;0
20260629 100000;70.055000;70.095000;69.993000;70.005000;0
20260629 100100;70.010000;70.070000;69.963000;70.065000;0
20260629 100200;70.070000;70.135000;70.003000;70.105000;0
20260629 100300;70.095000;70.135000;70.060000;70.105000;0
20260629 100400;70.095000;70.210000;70.095000;70.125000;0
20260629 100500;70.130000;70.145000;70.105000;70.135000;0
20260629 100600;70.125000;70.165000;70.075000;70.075000;0
20260629 100700;70.065000;70.105000;70.015000;70.100000;0
20260629 100800;70.110000;70.125000;70.025000;70.065000;0
20260629 100900;70.060000;70.075000;70.015000;70.045000;0
20260629 101000;70.040000;70.070000;69.970000;69.975000;0
20260629 101100;69.990000;70.020000;69.960000;70.010000;0
20260629 101200;70.020000;70.115000;70.020000;70.105000;0
20260629 101300;70.100000;70.105000;69.913000;69.990000;0
20260629 101400;69.995000;70.235000;69.970000;70.190000;0
20260629 101500;70.195000;70.435000;70.140000;70.233000;0
20260629 101600;70.238000;70.300000;70.158000;70.265000;0
20260629 101700;70.260000;70.305000;70.220000;70.270000;0
20260629 101800;70.265000;70.440000;70.218000;70.425000;0
20260629 101900;70.410000;70.445000;70.315000;70.345000;0
20260629 102000;70.350000;70.440000;70.340000;70.405000;0
20260629 102100;70.410000;70.415000;70.293000;70.395000;0
20260629 102200;70.390000;70.415000;70.325000;70.355000;0
20260629 102300;70.360000;70.370000;70.210000;70.265000;0
20260629 102400;70.255000;70.260000;70.180000;70.255000;0
20260629 102500;70.240000;70.295000;70.228000;70.250000;0
20260629 102600;70.255000;70.275000;70.190000;70.220000;0
20260629 102700;70.225000;70.375000;70.215000;70.375000;0
20260629 102800;70.380000;70.395000;70.313000;70.390000;0
20260629 102900;70.385000;70.425000;70.323000;70.405000;0
20260629 103000;70.410000;70.475000;70.395000;70.435000;0
20260629 103100;70.430000;70.455000;70.360000;70.455000;0
20260629 103200;70.450000;70.475000;70.398000;70.445000;0
20260629 103300;70.455000;70.495000;70.435000;70.475000;0
20260629 103400;70.485000;70.485000;70.375000;70.380000;0
20260629 103500;70.370000;70.380000;70.308000;70.335000;0
20260629 103600;70.330000;70.355000;70.320000;70.355000;0
20260629 103700;70.365000;70.380000;70.325000;70.335000;0
20260629 103800;70.330000;70.425000;70.315000;70.410000;0
20260629 103900;70.405000;70.405000;70.295000;70.320000;0
20260629 104000;70.315000;70.375000;70.263000;70.330000;0
20260629 104100;70.320000;70.340000;70.300000;70.335000;0
20260629 104200;70.340000;70.355000;70.265000;70.275000;0
20260629 104300;70.285000;70.340000;70.265000;70.320000;0
20260629 104400;70.315000;70.355000;70.310000;70.335000;0
20260629 104500;70.355000;70.365000;70.283000;70.340000;0
20260629 104600;70.335000;70.390000;70.278000;70.335000;0
20260629 104700;70.340000;70.395000;70.315000;70.390000;0
20260629 104800;70.385000;70.445000;70.385000;70.410000;0
20260629 104900;70.420000;70.430000;70.375000;70.390000;0
20260629 105000;70.395000;70.505000;70.385000;70.485000;0
20260629 105100;70.480000;70.535000;70.460000;70.525000;0
20260629 105200;70.530000;70.565000;70.495000;70.535000;0
20260629 105300;70.525000;70.535000;70.475000;70.505000;0
20260629 105400;70.510000;70.525000;70.428000;70.485000;0
20260629 105500;70.480000;70.505000;70.415000;70.435000;0
20260629 105600;70.430000;70.465000;70.415000;70.430000;0
20260629 105700;70.378000;70.440000;70.373000;70.405000;0
20260629 105800;70.410000;70.455000;70.373000;70.405000;0
20260629 105900;70.415000;70.475000;70.400000;70.455000;0
20260629 110000;70.460000;70.475000;70.410000;70.460000;0
20260629 110100;70.465000;70.465000;70.375000;70.405000;0
20260629 110200;70.400000;70.415000;70.305000;70.335000;0
20260629 110300;70.340000;70.355000;70.295000;70.350000;0
20260629 110400;70.345000;70.360000;70.295000;70.320000;0
20260629 110500;70.325000;70.325000;70.213000;70.255000;0
20260629 110600;70.250000;70.345000;70.245000;70.340000;0
20260629 110700;70.345000;70.345000;70.285000;70.315000;0
20260629 110800;70.310000;70.375000;70.305000;70.345000;0
20260629 110900;70.340000;70.410000;70.340000;70.405000;0
20260629 111000;70.395000;70.415000;70.375000;70.405000;0
20260629 111100;70.400000;70.475000;70.395000;70.415000;0
20260629 111200;70.410000;70.485000;70.405000;70.465000;0
20260629 111300;70.470000;70.505000;70.455000;70.475000;0
20260629 111400;70.480000;70.490000;70.455000;70.475000;0
20260629 111500;70.485000;70.485000;70.415000;70.440000;0
20260629 111600;70.435000;70.445000;70.373000;70.410000;0
20260629 111700;70.405000;70.480000;70.405000;70.450000;0
20260629 111800;70.455000;70.515000;70.445000;70.475000;0
20260629 111900;70.480000;70.495000;70.460000;70.490000;0
20260629 112000;70.485000;70.485000;70.415000;70.430000;0
20260629 112100;70.425000;70.485000;70.415000;70.435000;0
20260629 112200;70.440000;70.490000;70.333000;70.360000;0
20260629 112300;70.355000;70.505000;70.350000;70.470000;0
20260629 112400;70.475000;70.495000;70.420000;70.435000;0
20260629 112500;70.425000;70.435000;70.360000;70.370000;0
20260629 112600;70.375000;70.415000;70.333000;70.385000;0
20260629 112700;70.395000;70.420000;70.360000;70.395000;0
20260629 112800;70.400000;70.455000;70.360000;70.435000;0
20260629 112900;70.430000;70.510000;70.405000;70.450000;0
20260629 113000;70.445000;70.520000;70.445000;70.505000;0
20260629 113100;70.510000;70.515000;70.445000;70.490000;0
20260629 113200;70.485000;70.510000;70.475000;70.475000;0
20260629 113300;70.460000;70.475000;70.425000;70.425000;0
20260629 113400;70.415000;70.455000;70.385000;70.440000;0
20260629 113500;70.455000;70.485000;70.403000;70.435000;0
20260629 113600;70.425000;70.465000;70.395000;70.450000;0
20260629 113700;70.455000;70.525000;70.433000;70.505000;0
20260629 113800;70.500000;70.545000;70.480000;70.535000;0
20260629 113900;70.525000;70.565000;70.515000;70.535000;0
20260629 114000;70.545000;70.575000;70.535000;70.570000;0
20260629 114100;70.565000;70.595000;70.545000;70.570000;0
20260629 114200;70.565000;70.615000;70.515000;70.530000;0
20260629 114300;70.535000;70.535000;70.505000;70.535000;0
20260629 114400;70.530000;70.565000;70.530000;70.555000;0
20260629 114500;70.560000;70.595000;70.520000;70.530000;0
20260629 114600;70.535000;70.545000;70.525000;70.535000;0
20260629 114700;70.540000;70.595000;70.520000;70.595000;0
20260629 114800;70.590000;70.615000;70.553000;70.610000;0
20260629 114900;70.615000;70.635000;70.580000;70.585000;0
20260629 115000;70.595000;70.625000;70.515000;70.585000;0
20260629 115100;70.590000;70.635000;70.585000;70.635000;0
20260629 115200;70.630000;70.685000;70.615000;70.645000;0
20260629 115300;70.640000;70.645000;70.615000;70.625000;0
20260629 115400;70.620000;70.635000;70.595000;70.615000;0
20260629 115500;70.605000;70.610000;70.565000;70.585000;0
20260629 115600;70.595000;70.615000;70.555000;70.570000;0
20260629 115700;70.585000;70.610000;70.565000;70.575000;0
20260629 115800;70.580000;70.580000;70.550000;70.570000;0
20260629 115900;70.575000;70.595000;70.565000;70.575000;0
20260629 120000;70.570000;70.635000;70.530000;70.635000;0
20260629 120100;70.630000;70.680000;70.593000;70.675000;0
20260629 120200;70.670000;70.695000;70.645000;70.675000;0
20260629 120300;70.670000;70.735000;70.643000;70.715000;0
20260629 120400;70.705000;70.765000;70.673000;70.745000;0
20260629 120500;70.755000;70.765000;70.735000;70.760000;0
20260629 120600;70.755000;70.795000;70.730000;70.745000;0
20260629 120700;70.735000;70.775000;70.735000;70.775000;0
20260629 120800;70.770000;70.795000;70.745000;70.795000;0
20260629 120900;70.805000;70.805000;70.760000;70.765000;0
20260629 121000;70.775000;70.785000;70.750000;70.750000;0
20260629 121100;70.745000;70.750000;70.725000;70.725000;0
20260629 121200;70.730000;70.750000;70.700000;70.745000;0
20260629 121300;70.740000;70.745000;70.648000;70.675000;0
20260629 121400;70.685000;70.725000;70.650000;70.665000;0
20260629 121500;70.675000;70.695000;70.645000;70.675000;0
20260629 121600;70.670000;70.675000;70.620000;70.655000;0
20260629 121700;70.645000;70.655000;70.613000;70.635000;0
20260629 121800;70.645000;70.655000;70.630000;70.655000;0
20260629 121900;70.650000;70.675000;70.645000;70.675000;0
20260629 122000;70.680000;70.695000;70.675000;70.695000;0
20260629 122100;70.690000;70.745000;70.685000;70.730000;0
20260629 122200;70.725000;70.725000;70.695000;70.720000;0
20260629 122300;70.725000;70.755000;70.710000;70.755000;0
20260629 122400;70.750000;70.765000;70.713000;70.735000;0
20260629 122500;70.740000;70.755000;70.725000;70.745000;0
20260629 122600;70.755000;70.785000;70.755000;70.780000;0
20260629 122700;70.775000;70.785000;70.750000;70.755000;0
20260629 122800;70.760000;70.775000;70.755000;70.775000;0
20260629 122900;70.780000;70.815000;70.775000;70.795000;0
20260629 123000;70.805000;70.850000;70.783000;70.840000;0
20260629 123100;70.845000;70.855000;70.773000;70.845000;0
20260629 123200;70.850000;70.870000;70.793000;70.840000;0
20260629 123300;70.835000;70.845000;70.825000;70.840000;0
20260629 123400;70.845000;70.880000;70.835000;70.855000;0
20260629 123500;70.860000;70.865000;70.840000;70.840000;0
20260629 123600;70.835000;70.865000;70.830000;70.865000;0
20260629 123700;70.870000;70.885000;70.865000;70.885000;0
20260629 123800;70.865000;70.865000;70.753000;70.835000;0
20260629 123900;70.830000;70.855000;70.825000;70.845000;0
20260629 124000;70.855000;70.905000;70.833000;70.895000;0
20260629 124100;70.890000;70.925000;70.885000;70.905000;0
20260629 124200;70.915000;70.925000;70.895000;70.895000;0
20260629 124300;70.905000;70.945000;70.895000;70.900000;0
20260629 124400;70.905000;70.985000;70.873000;70.965000;0
20260629 124500;70.970000;71.015000;70.945000;70.970000;0
20260629 124600;70.965000;70.990000;70.933000;70.950000;0
20260629 124700;70.945000;70.970000;70.915000;70.965000;0
20260629 124800;70.970000;70.975000;70.945000;70.945000;0
20260629 124900;70.950000;70.955000;70.863000;70.925000;0
20260629 125000;70.920000;70.955000;70.915000;70.925000;0
20260629 125100;70.920000;70.950000;70.790000;70.945000;0
20260629 125200;70.950000;70.955000;70.865000;70.870000;0
20260629 125300;70.875000;70.905000;70.850000;70.865000;0
20260629 125400;70.860000;70.915000;70.860000;70.905000;0
20260629 125500;70.915000;70.915000;70.875000;70.880000;0
20260629 125600;70.875000;70.880000;70.835000;70.865000;0
20260629 125700;70.875000;70.875000;70.855000;70.865000;0
20260629 125800;70.860000;70.860000;70.733000;70.765000;0
20260629 125900;70.770000;70.785000;70.755000;70.785000;0
20260629 130000;70.795000;70.805000;70.623000;70.675000;0
20260629 130100;70.680000;70.715000;70.675000;70.705000;0
20260629 130200;70.715000;70.725000;70.685000;70.695000;0
20260629 130300;70.690000;70.740000;70.675000;70.735000;0
20260629 130400;70.725000;70.745000;70.660000;70.675000;0
20260629 130500;70.665000;70.715000;70.665000;70.715000;0
20260629 130600;70.725000;70.825000;70.715000;70.795000;0
20260629 130700;70.805000;70.810000;70.735000;70.760000;0
20260629 130800;70.765000;70.785000;70.760000;70.780000;0
20260629 130900;70.785000;70.840000;70.775000;70.805000;0
20260629 131000;70.815000;70.830000;70.795000;70.805000;0
20260629 131100;70.800000;70.865000;70.763000;70.860000;0
20260629 131200;70.855000;70.895000;70.855000;70.890000;0
20260629 131300;70.895000;70.925000;70.860000;70.875000;0
20260629 131400;70.870000;70.905000;70.855000;70.905000;0
20260629 131500;70.900000;70.925000;70.853000;70.885000;0
20260629 131600;70.895000;71.005000;70.895000;71.005000;0
20260629 131700;71.010000;71.065000;70.967000;71.040000;0
20260629 131800;71.035000;71.045000;70.985000;70.995000;0
20260629 131900;71.005000;71.005000;70.913000;70.935000;0
20260629 132000;70.925000;70.970000;70.915000;70.965000;0
20260629 132100;70.970000;71.105000;70.960000;71.095000;0
20260629 132200;71.090000;71.120000;71.055000;71.055000;0
20260629 132300;71.060000;71.065000;70.943000;70.995000;0
20260629 132400;70.985000;70.995000;70.965000;70.980000;0
20260629 132500;70.985000;70.990000;70.935000;70.945000;0
20260629 132600;70.935000;70.945000;70.925000;70.940000;0
20260629 132700;70.935000;70.935000;70.825000;70.835000;0
20260629 132800;70.845000;70.875000;70.835000;70.835000;0
20260629 132900;70.840000;70.885000;70.835000;70.875000;0
20260629 133000;70.860000;70.890000;70.850000;70.855000;0
20260629 133100;70.850000;70.940000;70.813000;70.935000;0
20260629 133200;70.915000;70.945000;70.895000;70.915000;0
20260629 133300;70.905000;70.925000;70.880000;70.885000;0
20260629 133400;70.880000;70.925000;70.875000;70.915000;0
20260629 133500;70.910000;70.925000;70.865000;70.885000;0
20260629 133600;70.895000;70.895000;70.845000;70.880000;0
20260629 133700;70.885000;70.890000;70.793000;70.875000;0
20260629 133800;70.885000;70.967000;70.848000;70.880000;0
20260629 133900;70.875000;70.930000;70.875000;70.925000;0
20260629 134000;70.920000;70.960000;70.870000;70.895000;0
20260629 134100;70.900000;70.900000;70.803000;70.880000;0
20260629 134200;70.875000;70.875000;70.815000;70.820000;0
20260629 134300;70.815000;70.895000;70.815000;70.885000;0
20260629 134400;70.895000;70.910000;70.875000;70.890000;0
20260629 134500;70.895000;70.905000;70.840000;70.870000;0
20260629 134600;70.875000;70.885000;70.865000;70.885000;0
20260629 134700;70.890000;70.895000;70.865000;70.880000;0
20260629 134800;70.885000;70.885000;70.860000;70.870000;0
20260629 134900;70.865000;70.885000;70.835000;70.835000;0
20260629 135000;70.840000;70.855000;70.815000;70.840000;0
20260629 135100;70.845000;70.865000;70.835000;70.845000;0
20260629 135200;70.840000;70.860000;70.825000;70.835000;0
20260629 135300;70.840000;70.845000;70.810000;70.815000;0
20260629 135400;70.820000;70.865000;70.820000;70.850000;0
20260629 135500;70.845000;70.865000;70.845000;70.845000;0
20260629 135600;70.850000;70.895000;70.813000;70.885000;0
20260629 135700;70.875000;70.895000;70.865000;70.895000;0
20260629 135800;70.885000;70.905000;70.865000;70.875000;0
20260629 135900;70.885000;70.900000;70.875000;70.885000;0
20260629 140000;70.895000;70.965000;70.815000;70.960000;0
20260629 140100;70.965000;70.980000;70.880000;70.915000;0
20260629 140200;70.920000;70.925000;70.860000;70.865000;0
20260629 140300;70.870000;70.875000;70.795000;70.800000;0
20260629 140400;70.805000;70.840000;70.795000;70.820000;0
20260629 140500;70.815000;70.865000;70.805000;70.855000;0
20260629 140600;70.870000;70.905000;70.855000;70.875000;0
20260629 140700;70.865000;70.890000;70.850000;70.885000;0
20260629 140800;70.880000;70.910000;70.843000;70.885000;0
20260629 140900;70.880000;70.900000;70.833000;70.895000;0
20260629 141000;70.900000;70.935000;70.890000;70.895000;0
20260629 141100;70.890000;70.925000;70.875000;70.915000;0
20260629 141200;70.910000;70.915000;70.895000;70.905000;0
20260629 141300;70.910000;70.920000;70.895000;70.915000;0
20260629 141400;70.920000;70.935000;70.785000;70.810000;0
20260629 141500;70.805000;70.900000;70.800000;70.845000;0
20260629 141600;70.850000;70.855000;70.715000;70.720000;0
20260629 141700;70.715000;70.725000;70.645000;70.655000;0
20260629 141800;70.650000;70.675000;70.583000;70.650000;0
20260629 141900;70.635000;70.640000;70.555000;70.575000;0
20260629 142000;70.595000;70.595000;70.503000;70.555000;0
20260629 142100;70.550000;70.575000;70.535000;70.555000;0
20260629 142200;70.545000;70.555000;70.520000;70.525000;0
20260629 142300;70.515000;70.520000;70.455000;70.465000;0
20260629 142400;70.470000;70.555000;70.465000;70.535000;0
20260629 142500;70.545000;70.575000;70.508000;70.535000;0
20260629 142600;70.530000;70.565000;70.515000;70.535000;0
20260629 142700;70.540000;70.555000;70.495000;70.550000;0
20260629 142800;70.545000;70.775000;70.523000;70.765000;0
20260629 142900;70.755000;70.825000;70.755000;70.795000;0
20260629 143000;70.790000;70.825000;70.720000;70.725000;0
20260629 143100;70.720000;70.745000;70.663000;70.735000;0
20260629 143200;70.720000;70.720000;70.635000;70.650000;0
20260629 143300;70.645000;70.655000;70.593000;70.640000;0
20260629 143400;70.645000;70.680000;70.640000;70.675000;0
20260629 143500;70.670000;70.675000;70.650000;70.665000;0
20260629 143600;70.655000;70.685000;70.603000;70.620000;0
20260629 143700;70.625000;70.625000;70.585000;70.605000;0
20260629 143800;70.610000;70.625000;70.595000;70.610000;0
20260629 143900;70.605000;70.625000;70.605000;70.625000;0
20260629 144000;70.620000;70.635000;70.610000;70.610000;0
20260629 144100;70.605000;70.635000;70.605000;70.615000;0
20260629 144200;70.605000;70.645000;70.595000;70.645000;0
20260629 144300;70.640000;70.655000;70.615000;70.620000;0
20260629 144400;70.615000;70.615000;70.563000;70.585000;0
20260629 144500;70.580000;70.580000;70.545000;70.545000;0
20260629 144600;70.535000;70.585000;70.535000;70.585000;0
20260629 144700;70.590000;70.595000;70.585000;70.590000;0
20260629 144800;70.595000;70.595000;70.585000;70.590000;0
20260629 144900;70.585000;70.595000;70.585000;70.585000;0
20260629 145000;70.580000;70.580000;70.545000;70.555000;0
20260629 145100;70.560000;70.575000;70.545000;70.565000;0
20260629 145200;70.560000;70.560000;70.515000;70.515000;0
20260629 145300;70.505000;70.515000;70.505000;70.515000;0
20260629 145400;70.510000;70.520000;70.443000;70.495000;0
20260629 145500;70.500000;70.535000;70.495000;70.525000;0
20260629 145600;70.515000;70.525000;70.443000;70.485000;0
20260629 145700;70.465000;70.465000;70.393000;70.440000;0
20260629 145800;70.445000;70.465000;70.383000;70.455000;0
20260629 145900;70.445000;70.455000;70.440000;70.445000;0
20260629 150000;70.408000;70.455000;70.408000;70.455000;0
20260629 150100;70.445000;70.480000;70.445000;70.480000;0
20260629 150200;70.485000;70.520000;70.475000;70.505000;0
20260629 150300;70.515000;70.515000;70.505000;70.505000;0
20260629 150400;70.463000;70.505000;70.463000;70.505000;0
20260629 150500;70.495000;70.505000;70.485000;70.505000;0
20260629 150600;70.510000;70.525000;70.485000;70.495000;0
20260629 150700;70.490000;70.500000;70.485000;70.495000;0
20260629 150800;70.453000;70.505000;70.453000;70.505000;0
20260629 150900;70.500000;70.515000;70.495000;70.515000;0
20260629 151000;70.505000;70.515000;70.495000;70.505000;0
20260629 151100;70.500000;70.505000;70.500000;70.505000;0
20260629 151200;70.510000;70.515000;70.500000;70.515000;0
20260629 151300;70.510000;70.525000;70.505000;70.515000;0
20260629 151400;70.505000;70.505000;70.485000;70.490000;0
20260629 151500;70.495000;70.500000;70.485000;70.500000;0
20260629 151600;70.495000;70.495000;70.433000;70.460000;0
20260629 151700;70.465000;70.485000;70.460000;70.485000;0
20260629 151800;70.480000;70.485000;70.470000;70.470000;0
20260629 151900;70.475000;70.485000;70.455000;70.455000;0
20260629 152000;70.465000;70.465000;70.445000;70.455000;0
20260629 152100;70.450000;70.455000;70.405000;70.405000;0
20260629 152200;70.400000;70.420000;70.385000;70.415000;0
20260629 152300;70.420000;70.445000;70.420000;70.440000;0
20260629 152400;70.445000;70.465000;70.445000;70.445000;0
20260629 152500;70.440000;70.440000;70.430000;70.435000;0
20260629 152600;70.425000;70.425000;70.395000;70.405000;0
20260629 152700;70.395000;70.405000;70.385000;70.395000;0
20260629 152800;70.400000;70.405000;70.385000;70.395000;0
20260629 152900;70.400000;70.415000;70.395000;70.395000;0
20260629 153000;70.400000;70.400000;70.365000;70.375000;0
20260629 153100;70.385000;70.395000;70.375000;70.385000;0
20260629 153200;70.380000;70.395000;70.375000;70.390000;0
20260629 153300;70.395000;70.405000;70.390000;70.400000;0
20260629 153400;70.405000;70.475000;70.405000;70.475000;0
20260629 153500;70.465000;70.475000;70.460000;70.465000;0
20260629 153600;70.460000;70.460000;70.425000;70.425000;0
20260629 153700;70.410000;70.425000;70.405000;70.415000;0
20260629 153800;70.425000;70.430000;70.420000;70.425000;0
20260629 153900;70.420000;70.445000;70.420000;70.430000;0
20260629 154000;70.435000;70.445000;70.415000;70.415000;0
20260629 154100;70.410000;70.415000;70.395000;70.405000;0
20260629 154200;70.395000;70.410000;70.390000;70.400000;0
20260629 154300;70.395000;70.415000;70.395000;70.405000;0
20260629 154400;70.395000;70.405000;70.395000;70.405000;0
20260629 154500;70.410000;70.410000;70.405000;70.405000;0
20260629 154600;70.395000;70.395000;70.303000;70.355000;0
20260629 154700;70.365000;70.370000;70.355000;70.370000;0
20260629 154800;70.375000;70.375000;70.345000;70.355000;0
20260629 154900;70.350000;70.375000;70.345000;70.365000;0
20260629 155000;70.360000;70.400000;70.308000;70.385000;0
20260629 155100;70.390000;70.425000;70.385000;70.425000;0
20260629 155200;70.435000;70.435000;70.425000;70.430000;0
20260629 155300;70.425000;70.435000;70.425000;70.435000;0
20260629 155400;70.425000;70.465000;70.425000;70.465000;0
20260629 155500;70.455000;70.455000;70.408000;70.455000;0
20260629 155600;70.465000;70.505000;70.465000;70.495000;0
20260629 155700;70.490000;70.520000;70.470000;70.520000;0
20260629 155800;70.515000;70.525000;70.515000;70.515000;0
20260629 155900;70.520000;70.520000;70.505000;70.510000;0
20260629 160000;70.505000;70.522000;70.482000;70.492000;0
20260629 160100;70.497000;70.512000;70.482000;70.512000;0
20260629 160200;70.507000;70.507000;70.502000;70.507000;0
20260629 160300;70.502000;70.527000;70.502000;70.527000;0
20260629 160400;70.522000;70.522000;70.517000;70.517000;0
20260629 160500;70.512000;70.512000;70.497000;70.497000;0
20260629 160600;70.502000;70.507000;70.502000;70.507000;0
20260629 160700;70.488000;70.488000;70.488000;70.488000;0
20260629 160800;70.512000;70.512000;70.502000;70.502000;0
20260629 160900;70.507000;70.532000;70.507000;70.517000;0
20260629 161000;70.522000;70.527000;70.477000;70.492000;0
20260629 161100;70.502000;70.507000;70.497000;70.502000;0
20260629 161200;70.483000;70.492000;70.472000;70.492000;0
20260629 161300;70.487000;70.492000;70.482000;70.492000;0
20260629 161400;70.487000;70.487000;70.462000;70.467000;0
20260629 161500;70.462000;70.482000;70.447000;70.477000;0
20260629 161600;70.482000;70.482000;70.467000;70.472000;0
20260629 161700;70.467000;70.512000;70.467000;70.502000;0
20260629 161800;70.492000;70.492000;70.477000;70.482000;0
20260629 161900;70.477000;70.477000;70.467000;70.467000;0
20260629 162000;70.472000;70.482000;70.472000;70.482000;0
20260629 162100;70.472000;70.477000;70.442000;70.447000;0
20260629 162200;70.452000;70.452000;70.447000;70.452000;0
20260629 162500;70.447000;70.452000;70.442000;70.452000;0
20260629 162600;70.447000;70.447000;70.442000;70.442000;0
20260629 162700;70.447000;70.452000;70.413000;70.437000;0
20260629 162800;70.432000;70.442000;70.403000;70.442000;0
20260629 162900;70.432000;70.437000;70.427000;70.427000;0
20260629 163000;70.432000;70.452000;70.432000;70.447000;0
20260629 163100;70.432000;70.452000;70.427000;70.452000;0
20260629 163200;70.447000;70.452000;70.447000;70.452000;0
20260629 163400;70.428000;70.452000;70.428000;70.452000;0
20260629 163500;70.472000;70.512000;70.472000;70.512000;0
20260629 163600;70.517000;70.522000;70.512000;70.522000;0
20260629 163700;70.527000;70.532000;70.517000;70.522000;0
20260629 163800;70.527000;70.557000;70.488000;70.552000;0
20260629 163900;70.557000;70.557000;70.542000;70.547000;0
20260629 164000;70.552000;70.552000;70.537000;70.542000;0
20260629 164100;70.537000;70.547000;70.532000;70.537000;0
20260629 164200;70.532000;70.532000;70.512000;70.517000;0
20260629 164300;70.502000;70.502000;70.482000;70.487000;0
20260629 164400;70.482000;70.487000;70.432000;70.442000;0
20260629 164500;70.432000;70.437000;70.422000;70.422000;0
20260629 164600;70.427000;70.437000;70.417000;70.432000;0
20260629 164700;70.437000;70.442000;70.432000;70.437000;0
20260629 164800;70.432000;70.457000;70.432000;70.452000;0
20260629 164900;70.447000;70.462000;70.437000;70.457000;0
20260629 165000;70.452000;70.462000;70.407000;70.417000;0
20260629 165100;70.402000;70.402000;70.387000;70.397000;0
20260629 165200;70.402000;70.422000;70.397000;70.417000;0
20260629 165300;70.422000;70.432000;70.417000;70.432000;0
20260629 165400;70.422000;70.422000;70.387000;70.387000;0
20260629 165500;70.392000;70.427000;70.373000;70.417000;0
20260629 165600;70.427000;70.427000;70.392000;70.397000;0
20260629 165700;70.402000;70.412000;70.402000;70.407000;0
20260629 165800;70.412000;70.412000;70.358000;70.397000;0
20260629 165900;70.392000;70.407000;70.377000;70.382000;0
20260629 180000;70.455000;70.457000;70.355000;70.430000;0
20260629 180100;70.407000;70.417000;70.387000;70.417000;0
20260629 180200;70.435000;70.455000;70.435000;70.455000;0
20260629 180300;70.445000;70.455000;70.425000;70.430000;0
20260629 180400;70.420000;70.425000;70.420000;70.420000;0
20260629 180500;70.410000;70.410000;70.387000;70.395000;0
20260629 180600;70.380000;70.380000;70.340000;70.355000;0
20260629 180700;70.350000;70.350000;70.310000;70.320000;0
20260629 180800;70.325000;70.325000;70.290000;70.320000;0
20260629 180900;70.335000;70.357000;70.315000;70.315000;0
20260629 181000;70.320000;70.325000;70.320000;70.320000;0
20260629 181100;70.315000;70.320000;70.300000;70.300000;0
20260629 181200;70.290000;70.310000;70.290000;70.300000;0
20260629 181300;70.295000;70.315000;70.290000;70.290000;0
20260629 181400;70.300000;70.310000;70.300000;70.300000;0
20260629 181500;70.295000;70.295000;70.290000;70.290000;0
20260629 181600;70.275000;70.275000;70.225000;70.225000;0
20260629 181700;70.220000;70.270000;70.220000;70.270000;0
20260629 181800;70.280000;70.310000;70.265000;70.310000;0
20260629 181900;70.320000;70.390000;70.320000;70.385000;0
20260629 182000;70.365000;70.370000;70.365000;70.370000;0
20260629 182100;70.375000;70.375000;70.370000;70.370000;0
20260629 182300;70.365000;70.365000;70.365000;70.365000;0
20260629 182400;70.355000;70.365000;70.355000;70.365000;0
20260629 182500;70.360000;70.360000;70.360000;70.360000;0
20260629 182600;70.355000;70.355000;70.350000;70.350000;0
20260629 182700;70.360000;70.360000;70.335000;70.345000;0
20260629 182800;70.347000;70.360000;70.347000;70.360000;0
20260629 182900;70.365000;70.365000;70.347000;70.355000;0
20260629 183000;70.350000;70.350000;70.345000;70.345000;0
20260629 183100;70.298000;70.370000;70.298000;70.365000;0
20260629 183200;70.360000;70.365000;70.350000;70.350000;0
20260629 183300;70.355000;70.355000;70.335000;70.340000;0
20260629 183400;70.293000;70.335000;70.293000;70.325000;0
20260629 183500;70.335000;70.335000;70.320000;70.320000;0
20260629 183600;70.273000;70.325000;70.273000;70.325000;0
20260629 183700;70.340000;70.340000;70.320000;70.325000;0
20260629 183800;70.278000;70.320000;70.278000;70.300000;0
20260629 183900;70.305000;70.310000;70.300000;70.305000;0
20260629 184100;70.258000;70.300000;70.258000;70.270000;0
20260629 184200;70.275000;70.305000;70.275000;70.305000;0
20260629 184300;70.300000;70.300000;70.275000;70.275000;0
20260629 184400;70.287000;70.295000;70.287000;70.295000;0
20260629 184500;70.248000;70.248000;70.248000;70.248000;0
20260629 184600;70.280000;70.280000;70.270000;70.270000;0
20260629 184700;70.265000;70.265000;70.255000;70.260000;0
20260629 184800;70.255000;70.270000;70.255000;70.265000;0
20260629 184900;70.270000;70.275000;70.270000;70.270000;0
20260629 185000;70.265000;70.275000;70.265000;70.275000;0
20260629 185100;70.280000;70.290000;70.275000;70.290000;0
20260629 185200;70.270000;70.270000;70.255000;70.270000;0
20260629 185300;70.223000;70.270000;70.223000;70.270000;0
20260629 185400;70.265000;70.265000;70.265000;70.265000;0
20260629 185500;70.270000;70.270000;70.250000;70.250000;0
20260629 185600;70.255000;70.257000;70.240000;70.240000;0
20260629 185700;70.245000;70.245000;70.245000;70.245000;0
20260629 185800;70.198000;70.255000;70.198000;70.245000;0
20260629 185900;70.255000;70.260000;70.255000;70.255000;0
20260629 190000;70.260000;70.260000;70.260000;70.260000;0
20260629 190100;70.213000;70.275000;70.213000;70.245000;0
20260629 190200;70.240000;70.240000;70.185000;70.185000;0
20260629 190300;70.190000;70.205000;70.175000;70.205000;0
20260629 190400;70.158000;70.210000;70.158000;70.205000;0
20260629 190500;70.210000;70.225000;70.210000;70.225000;0
20260629 190600;70.178000;70.230000;70.178000;70.230000;0
20260629 190700;70.220000;70.220000;70.205000;70.205000;0
20260629 190800;70.215000;70.215000;70.215000;70.215000;0
20260629 190900;70.220000;70.245000;70.183000;70.205000;0
20260629 191000;70.215000;70.220000;70.205000;70.205000;0
20260629 191100;70.185000;70.190000;70.180000;70.185000;0
20260629 191200;70.190000;70.190000;70.190000;70.190000;0
20260629 191300;70.197000;70.205000;70.197000;70.200000;0
20260629 191400;70.205000;70.205000;70.180000;70.180000;0
20260629 191500;70.175000;70.195000;70.170000;70.195000;0
20260629 191600;70.190000;70.200000;70.185000;70.190000;0
20260629 191700;70.215000;70.215000;70.210000;70.210000;0
20260629 191800;70.205000;70.220000;70.205000;70.220000;0
20260629 191900;70.225000;70.225000;70.210000;70.210000;0
20260629 192000;70.215000;70.215000;70.215000;70.215000;0
20260629 192100;70.210000;70.215000;70.200000;70.215000;0
20260629 192200;70.168000;70.168000;70.168000;70.168000;0
20260629 192300;70.245000;70.245000;70.245000;70.245000;0
20260629 192400;70.198000;70.198000;70.198000;70.198000;0
20260629 192500;70.255000;70.265000;70.255000;70.265000;0
20260629 192600;70.270000;70.280000;70.245000;70.275000;0
20260629 192700;70.270000;70.295000;70.270000;70.280000;0
20260629 192800;70.285000;70.285000;70.285000;70.285000;0
20260629 192900;70.238000;70.280000;70.238000;70.280000;0
20260629 193000;70.270000;70.270000;70.250000;70.255000;0
20260629 193100;70.260000;70.260000;70.240000;70.250000;0
20260629 193200;70.237000;70.237000;70.168000;70.173000;0
20260629 193400;70.215000;70.215000;70.185000;70.185000;0
20260629 193500;70.180000;70.190000;70.180000;70.190000;0
20260629 193600;70.195000;70.205000;70.195000;70.205000;0
20260629 193700;70.200000;70.200000;70.180000;70.180000;0
20260629 193800;70.170000;70.180000;70.170000;70.180000;0
20260629 193900;70.133000;70.195000;70.133000;70.190000;0
20260629 194000;70.143000;70.195000;70.143000;70.170000;0
20260629 194100;70.165000;70.165000;70.150000;70.160000;0
20260629 194200;70.113000;70.160000;70.113000;70.160000;0
20260629 194300;70.150000;70.155000;70.140000;70.150000;0
20260629 194400;70.155000;70.155000;70.130000;70.135000;0
20260629 194500;70.160000;70.160000;70.130000;70.130000;0
20260629 194600;70.125000;70.190000;70.125000;70.180000;0
20260629 194700;70.170000;70.170000;70.160000;70.170000;0
20260629 194800;70.175000;70.175000;70.170000;70.175000;0
20260629 194900;70.128000;70.128000;70.128000;70.128000;0
20260629 195000;70.180000;70.205000;70.180000;70.190000;0
20260629 195100;70.143000;70.143000;70.143000;70.143000;0
20260629 195200;70.195000;70.195000;70.195000;70.195000;0
20260629 195300;70.200000;70.200000;70.190000;70.190000;0
20260629 195400;70.143000;70.180000;70.143000;70.180000;0
20260629 195500;70.170000;70.170000;70.140000;70.140000;0
20260629 195600;70.135000;70.140000;70.130000;70.140000;0
20260629 195700;70.135000;70.140000;70.130000;70.140000;0
20260629 195800;70.150000;70.150000;70.135000;70.135000;0
20260629 195900;70.120000;70.120000;70.120000;70.120000;0
20260629 200000;70.173000;70.277000;70.173000;70.190000;0
20260629 200100;70.205000;70.220000;70.180000;70.180000;0
20260629 200200;70.185000;70.210000;70.180000;70.210000;0
20260629 200300;70.215000;70.260000;70.215000;70.235000;0
20260629 200400;70.230000;70.230000;70.200000;70.210000;0
20260629 200500;70.220000;70.225000;70.210000;70.210000;0
20260629 200600;70.205000;70.285000;70.195000;70.280000;0
20260629 200700;70.285000;70.295000;70.265000;70.275000;0
20260629 200800;70.270000;70.300000;70.270000;70.300000;0
20260629 200900;70.285000;70.285000;70.260000;70.265000;0
20260629 201000;70.270000;70.270000;70.255000;70.270000;0
20260629 201100;70.275000;70.275000;70.240000;70.270000;0
20260629 201200;70.275000;70.330000;70.248000;70.320000;0
20260629 201300;70.325000;70.325000;70.295000;70.300000;0
20260629 201400;70.295000;70.295000;70.275000;70.280000;0
20260629 201500;70.243000;70.285000;70.243000;70.275000;0
20260629 201600;70.285000;70.290000;70.270000;70.275000;0
20260629 201700;70.265000;70.265000;70.265000;70.265000;0
20260629 201800;70.260000;70.265000;70.255000;70.255000;0
20260629 201900;70.260000;70.260000;70.255000;70.255000;0
20260629 202000;70.260000;70.270000;70.255000;70.270000;0
20260629 202100;70.280000;70.350000;70.280000;70.345000;0
20260629 202200;70.335000;70.380000;70.310000;70.340000;0
20260629 202300;70.330000;70.345000;70.330000;70.330000;0
20260629 202400;70.325000;70.345000;70.325000;70.335000;0
20260629 202500;70.340000;70.355000;70.330000;70.335000;0
20260629 202600;70.325000;70.385000;70.320000;70.355000;0
20260629 202700;70.360000;70.365000;70.355000;70.360000;0
20260629 202800;70.355000;70.355000;70.335000;70.340000;0
20260629 202900;70.325000;70.330000;70.315000;70.330000;0
20260629 203000;70.325000;70.325000;70.310000;70.310000;0
20260629 203100;70.300000;70.300000;70.230000;70.250000;0
20260629 203200;70.245000;70.250000;70.200000;70.205000;0
20260629 203300;70.210000;70.220000;70.200000;70.205000;0
20260629 203400;70.210000;70.235000;70.210000;70.220000;0
20260629 203500;70.215000;70.230000;70.205000;70.205000;0
20260629 203600;70.215000;70.235000;70.210000;70.230000;0
20260629 203700;70.225000;70.225000;70.195000;70.200000;0
20260629 203800;70.210000;70.210000;70.205000;70.210000;0
20260629 203900;70.215000;70.215000;70.210000;70.210000;0
20260629 204000;70.200000;70.210000;70.180000;70.210000;0
20260629 204100;70.163000;70.205000;70.163000;70.200000;0
20260629 204200;70.195000;70.210000;70.185000;70.210000;0
20260629 204300;70.205000;70.210000;70.180000;70.195000;0
20260629 204400;70.200000;70.210000;70.190000;70.190000;0
20260629 204500;70.195000;70.195000;70.185000;70.195000;0
20260629 204600;70.200000;70.225000;70.200000;70.225000;0
20260629 204700;70.220000;70.225000;70.215000;70.225000;0
20260629 204800;70.220000;70.255000;70.220000;70.235000;0
20260629 204900;70.245000;70.255000;70.245000;70.250000;0
20260629 205000;70.240000;70.265000;70.240000;70.265000;0
20260629 205100;70.270000;70.285000;70.270000;70.280000;0
20260629 205200;70.275000;70.310000;70.263000;70.305000;0
20260629 205300;70.310000;70.310000;70.275000;70.285000;0
20260629 205400;70.300000;70.320000;70.263000;70.295000;0
20260629 205500;70.218000;70.275000;70.215000;70.220000;0
20260629 205600;70.215000;70.260000;70.215000;70.260000;0
20260629 205700;70.250000;70.285000;70.245000;70.285000;0
20260629 205800;70.290000;70.305000;70.275000;70.295000;0
20260629 205900;70.290000;70.295000;70.260000;70.275000;0
20260629 210000;70.238000;70.335000;70.203000;70.280000;0
20260629 210100;70.300000;70.310000;70.125000;70.145000;0
20260629 210200;70.140000;70.200000;70.095000;70.110000;0
20260629 210300;70.115000;70.190000;70.110000;70.130000;0
20260629 210400;70.105000;70.155000;70.083000;70.155000;0
20260629 210500;70.165000;70.200000;70.140000;70.190000;0
20260629 210600;70.200000;70.270000;70.200000;70.230000;0
20260629 210700;70.225000;70.305000;70.198000;70.285000;0
20260629 210800;70.280000;70.285000;70.240000;70.255000;0
20260629 210900;70.265000;70.285000;70.250000;70.270000;0
20260629 211000;70.275000;70.315000;70.270000;70.310000;0
20260629 211100;70.315000;70.335000;70.265000;70.330000;0
20260629 211200;70.345000;70.395000;70.300000;70.300000;0
20260629 211300;70.290000;70.300000;70.265000;70.300000;0
20260629 211400;70.295000;70.295000;70.148000;70.210000;0
20260629 211500;70.205000;70.230000;70.153000;70.190000;0
20260629 211600;70.185000;70.220000;70.175000;70.220000;0
20260629 211700;70.210000;70.230000;70.153000;70.220000;0
20260629 211800;70.225000;70.255000;70.220000;70.240000;0
20260629 211900;70.230000;70.245000;70.210000;70.240000;0
20260629 212000;70.230000;70.270000;70.230000;70.250000;0
20260629 212100;70.255000;70.270000;70.210000;70.230000;0
20260629 212200;70.220000;70.250000;70.195000;70.200000;0
20260629 212300;70.195000;70.250000;70.195000;70.250000;0
20260629 212400;70.255000;70.255000;70.153000;70.200000;0
20260629 212500;70.190000;70.200000;70.180000;70.190000;0
20260629 212600;70.180000;70.215000;70.160000;70.215000;0
20260629 212700;70.210000;70.245000;70.210000;70.240000;0
20260629 212800;70.245000;70.250000;70.195000;70.210000;0
20260629 212900;70.200000;70.225000;70.175000;70.180000;0
20260629 213000;70.175000;70.185000;70.120000;70.140000;0
20260629 213100;70.150000;70.260000;70.150000;70.260000;0
20260629 213200;70.255000;70.260000;70.220000;70.260000;0
20260629 213300;70.265000;70.275000;70.230000;70.240000;0
20260629 213400;70.250000;70.290000;70.250000;70.260000;0
20260629 213500;70.265000;70.280000;70.255000;70.280000;0
20260629 213600;70.270000;70.325000;70.270000;70.320000;0
20260629 213700;70.305000;70.320000;70.240000;70.270000;0
20260629 213800;70.265000;70.280000;70.250000;70.270000;0
20260629 213900;70.255000;70.290000;70.255000;70.290000;0
20260629 214000;70.280000;70.305000;70.270000;70.300000;0
20260629 214100;70.310000;70.345000;70.295000;70.330000;0
20260629 214200;70.325000;70.345000;70.325000;70.345000;0
20260629 214300;70.350000;70.360000;70.320000;70.330000;0
20260629 214400;70.335000;70.335000;70.258000;70.310000;0
20260629 214500;70.320000;70.325000;70.280000;70.310000;0
20260629 214600;70.315000;70.360000;70.310000;70.340000;0
20260629 214700;70.350000;70.355000;70.290000;70.330000;0
20260629 214800;70.325000;70.325000;70.280000;70.320000;0
20260629 214900;70.340000;70.350000;70.310000;70.320000;0
20260629 215000;70.330000;70.375000;70.320000;70.340000;0
20260629 215100;70.335000;70.335000;70.315000;70.315000;0
20260629 215200;70.320000;70.320000;70.310000;70.310000;0
20260629 215300;70.305000;70.340000;70.305000;70.310000;0
20260629 215400;70.315000;70.325000;70.285000;70.310000;0
20260629 215500;70.305000;70.325000;70.260000;70.320000;0
20260629 215600;70.310000;70.315000;70.300000;70.310000;0
20260629 215700;70.305000;70.340000;70.300000;70.320000;0
20260629 215800;70.305000;70.305000;70.265000;70.290000;0
20260629 215900;70.295000;70.315000;70.270000;70.315000;0
20260629 220000;70.273000;70.350000;70.263000;70.300000;0
20260629 220100;70.290000;70.300000;70.265000;70.275000;0
20260629 220200;70.265000;70.335000;70.265000;70.335000;0
20260629 220300;70.340000;70.395000;70.340000;70.390000;0
20260629 220400;70.395000;70.405000;70.375000;70.385000;0
20260629 220500;70.390000;70.425000;70.390000;70.420000;0
20260629 220600;70.425000;70.425000;70.385000;70.400000;0
20260629 220700;70.390000;70.425000;70.385000;70.420000;0
20260629 220800;70.415000;70.435000;70.400000;70.420000;0
20260629 220900;70.425000;70.425000;70.400000;70.410000;0
20260629 221000;70.400000;70.435000;70.400000;70.430000;0
20260629 221100;70.435000;70.445000;70.415000;70.430000;0
20260629 221200;70.435000;70.455000;70.425000;70.435000;0
20260629 221300;70.430000;70.440000;70.390000;70.400000;0
20260629 221400;70.395000;70.415000;70.385000;70.410000;0
20260629 221500;70.420000;70.430000;70.420000;70.430000;0
20260629 221600;70.440000;70.440000;70.430000;70.440000;0
20260629 221700;70.430000;70.430000;70.405000;70.415000;0
20260629 221800;70.405000;70.410000;70.390000;70.400000;0
20260629 221900;70.405000;70.410000;70.390000;70.405000;0
20260629 222000;70.410000;70.420000;70.400000;70.420000;0
20260629 222100;70.410000;70.410000;70.395000;70.400000;0
20260629 222200;70.395000;70.400000;70.385000;70.395000;0
20260629 222300;70.400000;70.415000;70.390000;70.400000;0
20260629 222400;70.390000;70.390000;70.380000;70.390000;0
20260629 222500;70.385000;70.390000;70.330000;70.335000;0
20260629 222600;70.330000;70.350000;70.330000;70.345000;0
20260629 222700;70.340000;70.365000;70.335000;70.345000;0
20260629 222800;70.355000;70.395000;70.355000;70.380000;0
20260629 222900;70.395000;70.420000;70.395000;70.420000;0
20260629 223000;70.430000;70.455000;70.380000;70.385000;0
20260629 223100;70.375000;70.420000;70.370000;70.380000;0
20260629 223200;70.385000;70.420000;70.380000;70.420000;0
20260629 223300;70.415000;70.430000;70.365000;70.380000;0
20260629 223400;70.370000;70.390000;70.350000;70.370000;0
20260629 223500;70.360000;70.400000;70.360000;70.380000;0
20260629 223600;70.385000;70.415000;70.380000;70.390000;0
20260629 223700;70.400000;70.405000;70.360000;70.365000;0
20260629 223800;70.360000;70.410000;70.355000;70.410000;0
20260629 223900;70.400000;70.425000;70.395000;70.400000;0
20260629 224000;70.410000;70.450000;70.395000;70.440000;0
20260629 224100;70.420000;70.430000;70.410000;70.420000;0
20260629 224200;70.425000;70.440000;70.375000;70.380000;0
20260629 224300;70.370000;70.370000;70.330000;70.350000;0
20260629 224400;70.355000;70.370000;70.355000;70.370000;0
20260629 224500;70.375000;70.455000;70.375000;70.455000;0
20260629 224600;70.450000;70.485000;70.440000;70.470000;0
20260629 224700;70.480000;70.500000;70.470000;70.485000;0
20260629 224800;70.480000;70.485000;70.440000;70.460000;0
20260629 224900;70.455000;70.485000;70.450000;70.480000;0
20260629 225000;70.485000;70.495000;70.455000;70.495000;0
20260629 225100;70.490000;70.535000;70.465000;70.525000;0
20260629 225200;70.530000;70.550000;70.530000;70.540000;0
20260629 225300;70.535000;70.620000;70.525000;70.605000;0
20260629 225400;70.610000;70.755000;70.610000;70.735000;0
20260629 225500;70.745000;70.840000;70.728000;70.830000;0
20260629 225600;70.825000;70.825000;70.733000;70.750000;0
20260629 225700;70.745000;70.770000;70.680000;70.685000;0
20260629 225800;70.680000;70.705000;70.640000;70.650000;0
20260629 225900;70.645000;70.665000;70.615000;70.660000;0
20260629 230000;70.623000;70.710000;70.623000;70.665000;0
20260629 230100;70.660000;70.705000;70.655000;70.675000;0
20260629 230200;70.680000;70.700000;70.665000;70.670000;0
20260629 230300;70.680000;70.680000;70.665000;70.680000;0
20260629 230400;70.675000;70.695000;70.645000;70.650000;0
20260629 230500;70.655000;70.690000;70.635000;70.640000;0
20260629 230600;70.635000;70.655000;70.585000;70.590000;0
20260629 230700;70.595000;70.615000;70.585000;70.590000;0
20260629 230800;70.585000;70.615000;70.570000;70.600000;0
20260629 230900;70.595000;70.605000;70.550000;70.550000;0
20260629 231000;70.560000;70.575000;70.498000;70.570000;0
20260629 231100;70.575000;70.620000;70.570000;70.620000;0
20260629 231200;70.610000;70.630000;70.590000;70.630000;0
20260629 231300;70.625000;70.660000;70.620000;70.650000;0
20260629 231400;70.640000;70.667000;70.620000;70.660000;0
20260629 231500;70.665000;70.675000;70.650000;70.650000;0
20260629 231600;70.655000;70.660000;70.605000;70.605000;0
20260629 231700;70.610000;70.640000;70.600000;70.640000;0
20260629 231800;70.630000;70.660000;70.630000;70.640000;0
20260629 231900;70.645000;70.650000;70.615000;70.635000;0
20260629 232000;70.640000;70.655000;70.620000;70.625000;0
20260629 232100;70.620000;70.650000;70.610000;70.650000;0
20260629 232200;70.635000;70.640000;70.605000;70.620000;0
20260629 232300;70.625000;70.650000;70.625000;70.650000;0
20260629 232400;70.645000;70.650000;70.553000;70.575000;0
20260629 232500;70.580000;70.590000;70.550000;70.565000;0
20260629 232600;70.550000;70.565000;70.530000;70.560000;0
20260629 232700;70.555000;70.560000;70.530000;70.555000;0
20260629 232800;70.550000;70.550000;70.455000;70.460000;0
20260629 232900;70.455000;70.475000;70.403000;70.460000;0
20260629 233000;70.450000;70.545000;70.450000;70.545000;0
20260629 233100;70.555000;70.580000;70.550000;70.570000;0
20260629 233200;70.575000;70.575000;70.545000;70.550000;0
20260629 233300;70.545000;70.545000;70.530000;70.530000;0
20260629 233400;70.540000;70.540000;70.475000;70.475000;0
20260629 233500;70.490000;70.490000;70.480000;70.490000;0
20260629 233600;70.495000;70.510000;70.470000;70.480000;0
20260629 233700;70.470000;70.470000;70.445000;70.460000;0
20260629 233800;70.455000;70.460000;70.445000;70.455000;0
20260629 233900;70.450000;70.455000;70.445000;70.450000;0
20260629 234000;70.455000;70.470000;70.455000;70.470000;0
20260629 234100;70.450000;70.460000;70.450000;70.460000;0
20260629 234200;70.450000;70.450000;70.383000;70.390000;0
20260629 234300;70.370000;70.380000;70.345000;70.360000;0
20260629 234400;70.350000;70.350000;70.340000;70.345000;0
20260629 234500;70.350000;70.360000;70.335000;70.350000;0
20260629 234600;70.345000;70.350000;70.335000;70.345000;0
20260629 234700;70.335000;70.375000;70.335000;70.375000;0
20260629 234800;70.365000;70.365000;70.345000;70.360000;0
20260629 234900;70.365000;70.385000;70.365000;70.375000;0
20260629 235000;70.370000;70.370000;70.365000;70.365000;0
20260629 235100;70.375000;70.375000;70.365000;70.375000;0
20260629 235200;70.328000;70.395000;70.328000;70.370000;0
20260629 235300;70.375000;70.375000;70.365000;70.365000;0
20260629 235400;70.360000;70.360000;70.325000;70.325000;0
20260629 235500;70.330000;70.360000;70.305000;70.305000;0
20260629 235600;70.300000;70.315000;70.295000;70.300000;0
20260629 235700;70.305000;70.310000;70.300000;70.300000;0
20260629 235800;70.305000;70.335000;70.295000;70.330000;0
20260629 235900;70.335000;70.360000;70.325000;70.360000;0
20260630 000000;70.355000;70.385000;70.345000;70.380000;0
20260630 000100;70.385000;70.390000;70.370000;70.370000;0
20260630 000200;70.375000;70.395000;70.370000;70.380000;0
20260630 000300;70.385000;70.385000;70.370000;70.380000;0
20260630 000400;70.375000;70.400000;70.370000;70.390000;0
20260630 000500;70.385000;70.385000;70.370000;70.375000;0
20260630 000600;70.370000;70.385000;70.370000;70.380000;0
20260630 000700;70.390000;70.390000;70.390000;70.390000;0
20260630 000800;70.343000;70.400000;70.343000;70.390000;0
20260630 000900;70.395000;70.420000;70.395000;70.420000;0
20260630 001000;70.410000;70.415000;70.405000;70.410000;0
20260630 001100;70.420000;70.430000;70.390000;70.390000;0
20260630 001200;70.400000;70.405000;70.390000;70.395000;0
20260630 001300;70.400000;70.415000;70.400000;70.415000;0
20260630 001400;70.420000;70.420000;70.420000;70.420000;0
20260630 001500;70.373000;70.420000;70.373000;70.410000;0
20260630 001600;70.415000;70.430000;70.415000;70.420000;0
20260630 001700;70.415000;70.415000;70.400000;70.405000;0
20260630 001800;70.400000;70.435000;70.400000;70.430000;0
20260630 001900;70.425000;70.435000;70.425000;70.430000;0
20260630 002000;70.420000;70.440000;70.420000;70.440000;0
20260630 002100;70.450000;70.450000;70.435000;70.435000;0
20260630 002200;70.415000;70.415000;70.415000;70.415000;0
20260630 002300;70.368000;70.400000;70.345000;70.345000;0
20260630 002400;70.340000;70.380000;70.335000;70.370000;0
20260630 002500;70.390000;70.390000;70.340000;70.350000;0
20260630 002600;70.345000;70.360000;70.325000;70.355000;0
20260630 002700;70.350000;70.350000;70.300000;70.300000;0
20260630 002800;70.305000;70.310000;70.260000;70.270000;0
20260630 002900;70.275000;70.280000;70.255000;70.260000;0
20260630 003000;70.255000;70.255000;70.225000;70.235000;0
20260630 003100;70.240000;70.280000;70.240000;70.260000;0
20260630 003200;70.265000;70.270000;70.255000;70.265000;0
20260630 003300;70.270000;70.285000;70.238000;70.243000;0
20260630 003400;70.295000;70.295000;70.260000;70.270000;0
20260630 003500;70.260000;70.260000;70.235000;70.245000;0
20260630 003600;70.240000;70.255000;70.240000;70.245000;0
20260630 003700;70.235000;70.245000;70.235000;70.235000;0
20260630 003800;70.240000;70.240000;70.215000;70.225000;0
20260630 003900;70.235000;70.245000;70.215000;70.245000;0
20260630 004000;70.240000;70.240000;70.230000;70.235000;0
20260630 004100;70.188000;70.245000;70.188000;70.235000;0
20260630 004200;70.225000;70.225000;70.215000;70.215000;0
20260630 004300;70.168000;70.245000;70.158000;70.240000;0
20260630 004400;70.245000;70.250000;70.220000;70.220000;0
20260630 004500;70.225000;70.225000;70.220000;70.225000;0
20260630 004600;70.215000;70.230000;70.215000;70.230000;0
20260630 004700;70.235000;70.245000;70.235000;70.245000;0
20260630 004800;70.250000;70.250000;70.240000;70.245000;0
20260630 004900;70.250000;70.250000;70.225000;70.225000;0
20260630 005000;70.240000;70.245000;70.220000;70.220000;0
20260630 005100;70.215000;70.225000;70.215000;70.215000;0
20260630 005200;70.220000;70.230000;70.210000;70.220000;0
20260630 005300;70.230000;70.230000;70.220000;70.220000;0
20260630 005400;70.225000;70.225000;70.210000;70.210000;0
20260630 005500;70.205000;70.225000;70.205000;70.225000;0
20260630 005600;70.230000;70.245000;70.225000;70.235000;0
20260630 005700;70.245000;70.245000;70.195000;70.200000;0
20260630 005800;70.195000;70.205000;70.195000;70.195000;0
20260630 005900;70.190000;70.205000;70.185000;70.200000;0
20260630 010000;70.190000;70.195000;70.040000;70.040000;0
20260630 010100;70.030000;70.035000;69.888000;69.935000;0
20260630 010200;69.940000;70.040000;69.940000;70.040000;0
20260630 010300;70.035000;70.065000;69.995000;70.060000;0
20260630 010400;70.065000;70.085000;70.065000;70.085000;0
20260630 010500;70.080000;70.100000;70.080000;70.085000;0
20260630 010600;70.080000;70.095000;70.050000;70.055000;0
20260630 010700;70.050000;70.095000;70.025000;70.035000;0
20260630 010800;70.040000;70.040000;69.980000;69.980000;0
20260630 010900;69.985000;70.000000;69.965000;70.000000;0
20260630 011000;70.005000;70.035000;70.005000;70.025000;0
20260630 011100;70.045000;70.070000;70.035000;70.065000;0
20260630 011200;70.080000;70.145000;70.048000;70.145000;0
20260630 011300;70.155000;70.165000;70.145000;70.155000;0
20260630 011400;70.170000;70.205000;70.160000;70.195000;0
20260630 011500;70.185000;70.185000;70.150000;70.155000;0
20260630 011600;70.165000;70.170000;70.145000;70.150000;0
20260630 011700;70.165000;70.180000;70.160000;70.160000;0
20260630 011800;70.165000;70.190000;70.160000;70.180000;0
20260630 011900;70.170000;70.200000;70.170000;70.195000;0
20260630 012000;70.200000;70.215000;70.170000;70.175000;0
20260630 012100;70.170000;70.185000;70.155000;70.170000;0
20260630 012200;70.160000;70.170000;70.155000;70.165000;0
20260630 012300;70.160000;70.180000;70.155000;70.180000;0
20260630 012400;70.195000;70.200000;70.185000;70.190000;0
20260630 012500;70.200000;70.210000;70.185000;70.200000;0
20260630 012600;70.205000;70.210000;70.185000;70.190000;0
20260630 012700;70.185000;70.190000;70.165000;70.180000;0
20260630 012800;70.185000;70.210000;70.180000;70.210000;0
20260630 012900;70.205000;70.210000;70.200000;70.200000;0
20260630 013000;70.185000;70.245000;70.065000;70.100000;0
20260630 013100;70.110000;70.155000;70.080000;70.095000;0
20260630 013200;70.100000;70.120000;70.070000;70.090000;0
20260630 013300;70.100000;70.135000;70.085000;70.125000;0
20260630 013400;70.130000;70.150000;70.105000;70.150000;0
20260630 013500;70.160000;70.175000;70.130000;70.175000;0
20260630 013600;70.170000;70.230000;70.170000;70.225000;0
20260630 013700;70.235000;70.265000;70.225000;70.245000;0
20260630 013800;70.240000;70.320000;70.240000;70.275000;0
20260630 013900;70.270000;70.280000;70.230000;70.245000;0
20260630 014000;70.240000;70.300000;70.235000;70.300000;0
20260630 014100;70.295000;70.300000;70.245000;70.275000;0
20260630 014200;70.267000;70.280000;70.250000;70.270000;0
20260630 014300;70.260000;70.290000;70.230000;70.290000;0
20260630 014400;70.285000;70.305000;70.275000;70.305000;0
20260630 014500;70.310000;70.350000;70.270000;70.290000;0
20260630 014600;70.280000;70.300000;70.275000;70.300000;0
20260630 014700;70.295000;70.300000;70.275000;70.280000;0
20260630 014800;70.270000;70.270000;70.190000;70.210000;0
20260630 014900;70.215000;70.260000;70.215000;70.215000;0
20260630 015000;70.220000;70.220000;70.180000;70.205000;0
20260630 015100;70.210000;70.220000;70.180000;70.190000;0
20260630 015200;70.200000;70.220000;70.175000;70.185000;0
20260630 015300;70.180000;70.185000;70.145000;70.160000;0
20260630 015400;70.175000;70.195000;70.150000;70.190000;0
20260630 015500;70.195000;70.195000;70.145000;70.170000;0
20260630 015600;70.165000;70.175000;70.140000;70.160000;0
20260630 015700;70.165000;70.180000;70.085000;70.095000;0
20260630 015800;70.090000;70.105000;70.028000;70.075000;0
20260630 015900;70.080000;70.105000;70.065000;70.090000;0
20260630 020000;70.080000;70.120000;70.053000;70.090000;0
20260630 020100;70.080000;70.090000;69.965000;69.990000;0
20260630 020200;69.995000;70.035000;69.990000;70.030000;0
20260630 020300;70.025000;70.035000;70.000000;70.025000;0
20260630 020400;70.015000;70.015000;69.965000;69.970000;0
20260630 020500;69.975000;70.020000;69.913000;70.020000;0
20260630 020600;70.025000;70.035000;69.990000;70.015000;0
20260630 020700;70.020000;70.050000;70.005000;70.045000;0
20260630 020800;70.040000;70.075000;70.025000;70.055000;0
20260630 020900;70.050000;70.085000;70.030000;70.085000;0
20260630 021000;70.080000;70.095000;70.038000;70.075000;0
20260630 021100;70.090000;70.100000;70.055000;70.070000;0
20260630 021200;70.065000;70.065000;69.965000;69.975000;0
20260630 021300;69.980000;69.995000;69.955000;69.985000;0
20260630 021400;69.990000;70.035000;69.990000;70.015000;0
20260630 021500;70.020000;70.030000;69.975000;70.005000;0
20260630 021600;69.995000;70.005000;69.935000;69.960000;0
20260630 021700;69.955000;69.955000;69.905000;69.920000;0
20260630 021800;69.915000;69.925000;69.895000;69.910000;0
20260630 021900;69.905000;69.925000;69.853000;69.920000;0
20260630 022000;69.910000;69.935000;69.895000;69.925000;0
20260630 022100;69.920000;69.925000;69.830000;69.840000;0
20260630 022200;69.845000;69.875000;69.835000;69.855000;0
20260630 022300;69.850000;69.860000;69.785000;69.860000;0
20260630 022400;69.855000;69.875000;69.835000;69.850000;0
20260630 022500;69.845000;69.895000;69.840000;69.885000;0
20260630 022600;69.890000;69.905000;69.870000;69.895000;0
20260630 022700;69.890000;69.895000;69.803000;69.880000;0
20260630 022800;69.885000;69.915000;69.823000;69.895000;0
20260630 022900;69.885000;69.895000;69.800000;69.810000;0
20260630 023000;69.820000;69.835000;69.780000;69.815000;0
20260630 023100;69.835000;69.905000;69.820000;69.865000;0
20260630 023200;69.875000;69.915000;69.865000;69.915000;0
20260630 023300;69.910000;69.970000;69.905000;69.960000;0
20260630 023400;69.965000;69.965000;69.900000;69.910000;0
20260630 023500;69.920000;69.975000;69.910000;69.930000;0
20260630 023600;69.925000;69.945000;69.865000;69.875000;0
20260630 023700;69.870000;69.885000;69.845000;69.880000;0
20260630 023800;69.875000;69.900000;69.790000;69.800000;0
20260630 023900;69.775000;69.855000;69.740000;69.840000;0
20260630 024000;69.850000;69.860000;69.830000;69.845000;0
20260630 024100;69.840000;69.840000;69.805000;69.830000;0
20260630 024200;69.835000;69.905000;69.830000;69.880000;0
20260630 024300;69.890000;69.945000;69.890000;69.945000;0
20260630 024400;69.960000;69.975000;69.935000;69.970000;0
20260630 024500;69.928000;69.975000;69.903000;69.950000;0
20260630 024600;69.965000;69.975000;69.935000;69.965000;0
20260630 024700;69.970000;69.995000;69.960000;69.975000;0
20260630 024800;69.980000;69.985000;69.943000;69.970000;0
20260630 024900;69.965000;70.015000;69.965000;70.015000;0
20260630 025000;70.030000;70.145000;70.030000;70.140000;0
20260630 025100;70.160000;70.185000;70.105000;70.120000;0
20260630 025200;70.125000;70.160000;70.120000;70.150000;0
20260630 025300;70.160000;70.185000;70.160000;70.170000;0
20260630 025400;70.175000;70.175000;70.105000;70.120000;0
20260630 025500;70.105000;70.120000;70.070000;70.110000;0
20260630 025600;70.120000;70.120000;70.050000;70.050000;0
20260630 025700;70.055000;70.110000;70.045000;70.095000;0
20260630 025800;70.090000;70.115000;70.065000;70.070000;0
20260630 025900;70.080000;70.135000;70.070000;70.115000;0
20260630 030000;70.110000;70.265000;70.038000;70.210000;0
20260630 030100;70.215000;70.245000;70.185000;70.220000;0
20260630 030200;70.225000;70.245000;70.185000;70.230000;0
20260630 030300;70.225000;70.225000;70.140000;70.165000;0
20260630 030400;70.160000;70.265000;70.150000;70.230000;0
20260630 030500;70.240000;70.240000;70.165000;70.185000;0
20260630 030600;70.190000;70.240000;70.165000;70.165000;0
20260630 030700;70.170000;70.195000;70.140000;70.170000;0
20260630 030800;70.175000;70.175000;70.130000;70.140000;0
20260630 030900;70.150000;70.180000;70.145000;70.150000;0
20260630 031000;70.145000;70.200000;70.130000;70.170000;0
20260630 031100;70.175000;70.205000;70.150000;70.195000;0
20260630 031200;70.200000;70.285000;70.200000;70.285000;0
20260630 031300;70.280000;70.375000;70.280000;70.365000;0
20260630 031400;70.375000;70.385000;70.315000;70.330000;0
20260630 031500;70.325000;70.350000;70.285000;70.290000;0
20260630 031600;70.295000;70.340000;70.295000;70.320000;0
20260630 031700;70.310000;70.340000;70.280000;70.285000;0
20260630 031800;70.270000;70.295000;70.240000;70.270000;0
20260630 031900;70.275000;70.310000;70.260000;70.265000;0
20260630 032000;70.270000;70.330000;70.265000;70.295000;0
20260630 032100;70.300000;70.330000;70.265000;70.330000;0
20260630 032200;70.325000;70.395000;70.310000;70.375000;0
20260630 032300;70.385000;70.400000;70.345000;70.370000;0
20260630 032400;70.375000;70.375000;70.265000;70.290000;0
20260630 032500;70.295000;70.300000;70.218000;70.275000;0
20260630 032600;70.265000;70.275000;70.225000;70.270000;0
20260630 032700;70.275000;70.320000;70.275000;70.300000;0
20260630 032800;70.305000;70.330000;70.295000;70.310000;0
20260630 032900;70.305000;70.325000;70.300000;70.315000;0
20260630 033000;70.320000;70.325000;70.240000;70.315000;0
20260630 033100;70.310000;70.405000;70.310000;70.350000;0
20260630 033200;70.345000;70.355000;70.250000;70.250000;0
20260630 033300;70.240000;70.315000;70.230000;70.310000;0
20260630 033400;70.320000;70.320000;70.255000;70.255000;0
20260630 033500;70.250000;70.260000;70.200000;70.210000;0
20260630 033600;70.205000;70.210000;70.155000;70.165000;0
20260630 033700;70.160000;70.175000;70.140000;70.175000;0
20260630 033800;70.180000;70.235000;70.160000;70.230000;0
20260630 033900;70.235000;70.235000;70.190000;70.220000;0
20260630 034000;70.205000;70.220000;70.170000;70.180000;0
20260630 034100;70.185000;70.200000;70.170000;70.180000;0
20260630 034200;70.185000;70.215000;70.160000;70.175000;0
20260630 034300;70.185000;70.245000;70.165000;70.195000;0
20260630 034400;70.190000;70.210000;70.190000;70.195000;0
20260630 034500;70.190000;70.325000;70.190000;70.325000;0
20260630 034600;70.320000;70.345000;70.275000;70.340000;0
20260630 034700;70.345000;70.345000;70.220000;70.295000;0
20260630 034800;70.300000;70.370000;70.270000;70.355000;0
20260630 034900;70.350000;70.365000;70.300000;70.305000;0
20260630 035000;70.295000;70.350000;70.295000;70.310000;0
20260630 035100;70.305000;70.310000;70.255000;70.310000;0
20260630 035200;70.315000;70.345000;70.300000;70.340000;0
20260630 035300;70.350000;70.375000;70.320000;70.325000;0
20260630 035400;70.330000;70.340000;70.295000;70.310000;0
20260630 035500;70.315000;70.340000;70.285000;70.335000;0
20260630 035600;70.330000;70.330000;70.225000;70.235000;0
20260630 035700;70.230000;70.235000;70.165000;70.190000;0
20260630 035800;70.185000;70.230000;70.165000;70.225000;0
20260630 035900;70.240000;70.260000;70.225000;70.245000;0
20260630 040000;70.240000;70.275000;70.125000;70.170000;0
20260630 040100;70.180000;70.220000;70.130000;70.220000;0
20260630 040200;70.215000;70.225000;70.195000;70.220000;0
20260630 040300;70.225000;70.235000;70.183000;70.220000;0
20260630 040400;70.205000;70.320000;70.205000;70.280000;0
20260630 040500;70.285000;70.320000;70.235000;70.300000;0
20260630 040600;70.295000;70.335000;70.230000;70.230000;0
20260630 040700;70.240000;70.290000;70.210000;70.210000;0
20260630 040800;70.205000;70.275000;70.180000;70.265000;0
20260630 040900;70.270000;70.300000;70.220000;70.235000;0
20260630 041000;70.230000;70.335000;70.220000;70.300000;0
20260630 041100;70.295000;70.330000;70.270000;70.310000;0
20260630 041200;70.320000;70.445000;70.310000;70.420000;0
20260630 041300;70.415000;70.535000;70.350000;70.535000;0
20260630 041400;70.540000;70.615000;70.525000;70.560000;0
20260630 041500;70.550000;70.755000;70.540000;70.720000;0
20260630 041600;70.710000;70.745000;70.570000;70.575000;0
20260630 041700;70.580000;70.590000;70.525000;70.535000;0
20260630 041800;70.540000;70.555000;70.463000;70.515000;0
20260630 041900;70.510000;70.540000;70.440000;70.510000;0
20260630 042000;70.515000;70.545000;70.430000;70.480000;0
20260630 042100;70.490000;70.495000;70.420000;70.440000;0
20260630 042200;70.455000;70.560000;70.408000;70.545000;0
20260630 042300;70.540000;70.630000;70.508000;70.615000;0
20260630 042400;70.610000;70.620000;70.570000;70.595000;0
20260630 042500;70.600000;70.610000;70.560000;70.560000;0
20260630 042600;70.555000;70.555000;70.490000;70.490000;0
20260630 042700;70.495000;70.570000;70.495000;70.540000;0
20260630 042800;70.545000;70.560000;70.510000;70.530000;0
20260630 042900;70.525000;70.590000;70.445000;70.485000;0
20260630 043000;70.475000;70.540000;70.413000;70.520000;0
20260630 043100;70.525000;70.575000;70.515000;70.560000;0
20260630 043200;70.555000;70.675000;70.555000;70.625000;0
20260630 043300;70.640000;70.770000;70.640000;70.715000;0
20260630 043400;70.710000;70.805000;70.705000;70.795000;0
20260630 043500;70.790000;70.810000;70.760000;70.770000;0
20260630 043600;70.775000;70.835000;70.765000;70.825000;0
20260630 043700;70.830000;70.845000;70.770000;70.785000;0
20260630 043800;70.795000;70.795000;70.730000;70.735000;0
20260630 043900;70.745000;70.795000;70.635000;70.665000;0
20260630 044000;70.670000;70.715000;70.628000;70.695000;0
20260630 044100;70.705000;70.750000;70.675000;70.745000;0
20260630 044200;70.760000;70.855000;70.715000;70.805000;0
20260630 044300;70.800000;70.820000;70.770000;70.800000;0
20260630 044400;70.805000;70.825000;70.755000;70.755000;0
20260630 044500;70.750000;70.840000;70.695000;70.825000;0
20260630 044600;70.830000;70.835000;70.745000;70.745000;0
20260630 044700;70.750000;70.750000;70.700000;70.715000;0
20260630 044800;70.720000;70.775000;70.715000;70.775000;0
20260630 044900;70.795000;70.815000;70.765000;70.785000;0
20260630 045000;70.780000;70.810000;70.750000;70.755000;0
20260630 045100;70.760000;70.825000;70.728000;70.740000;0
20260630 045200;70.750000;70.765000;70.635000;70.650000;0
20260630 045300;70.655000;70.690000;70.605000;70.640000;0
20260630 045400;70.645000;70.650000;70.575000;70.580000;0
20260630 045500;70.590000;70.590000;70.555000;70.570000;0
20260630 045600;70.575000;70.580000;70.365000;70.385000;0
20260630 045700;70.395000;70.520000;70.385000;70.520000;0
20260630 045800;70.510000;70.550000;70.450000;70.460000;0
20260630 045900;70.450000;70.515000;70.445000;70.515000;0
20260630 050000;70.510000;70.595000;70.510000;70.565000;0
20260630 050100;70.570000;70.615000;70.505000;70.595000;0
20260630 050200;70.600000;70.615000;70.580000;70.590000;0
20260630 050300;70.595000;70.610000;70.483000;70.550000;0
20260630 050400;70.560000;70.605000;70.560000;70.570000;0
20260630 050500;70.565000;70.595000;70.550000;70.580000;0
20260630 050600;70.570000;70.590000;70.515000;70.585000;0
20260630 050700;70.590000;70.630000;70.570000;70.570000;0
20260630 050800;70.575000;70.600000;70.525000;70.560000;0
20260630 050900;70.570000;70.590000;70.565000;70.575000;0
20260630 051000;70.565000;70.600000;70.540000;70.570000;0
20260630 051100;70.575000;70.575000;70.510000;70.560000;0
20260630 051200;70.565000;70.600000;70.560000;70.560000;0
20260630 051300;70.565000;70.610000;70.565000;70.600000;0
20260630 051400;70.590000;70.605000;70.565000;70.565000;0
20260630 051500;70.575000;70.605000;70.570000;70.575000;0
20260630 051600;70.590000;70.685000;70.580000;70.680000;0
20260630 051700;70.675000;70.675000;70.595000;70.645000;0
20260630 051800;70.650000;70.680000;70.580000;70.615000;0
20260630 051900;70.610000;70.670000;70.610000;70.670000;0
20260630 052000;70.598000;70.705000;70.598000;70.655000;0
20260630 052100;70.660000;70.670000;70.490000;70.565000;0
20260630 052200;70.560000;70.670000;70.555000;70.660000;0
20260630 052300;70.665000;70.730000;70.650000;70.725000;0
20260630 052400;70.730000;70.765000;70.710000;70.725000;0
20260630 052500;70.730000;70.730000;70.500000;70.540000;0
20260630 052600;70.550000;70.595000;70.490000;70.530000;0
20260630 052700;70.535000;70.550000;70.445000;70.480000;0
20260630 052800;70.485000;70.575000;70.475000;70.565000;0
20260630 052900;70.560000;70.735000;70.530000;70.685000;0
20260630 053000;70.680000;70.810000;70.660000;70.785000;0
20260630 053100;70.780000;70.880000;70.760000;70.780000;0
20260630 053200;70.775000;70.825000;70.750000;70.755000;0
20260630 053300;70.750000;70.785000;70.720000;70.740000;0
20260630 053400;70.735000;70.830000;70.735000;70.830000;0
20260630 053500;70.825000;70.885000;70.800000;70.865000;0
20260630 053600;70.870000;70.895000;70.785000;70.805000;0
20260630 053700;70.810000;70.820000;70.770000;70.785000;0
20260630 053800;70.780000;70.785000;70.735000;70.760000;0
20260630 053900;70.765000;70.765000;70.720000;70.740000;0
20260630 054000;70.745000;70.760000;70.725000;70.745000;0
20260630 054100;70.730000;70.755000;70.715000;70.745000;0
20260630 054200;70.750000;70.805000;70.745000;70.795000;0
20260630 054300;70.790000;70.795000;70.755000;70.775000;0
20260630 054400;70.765000;70.835000;70.765000;70.790000;0
20260630 054500;70.770000;70.855000;70.770000;70.825000;0
20260630 054600;70.835000;70.855000;70.810000;70.815000;0
20260630 054700;70.820000;70.820000;70.755000;70.785000;0
20260630 054800;70.800000;70.865000;70.795000;70.840000;0
20260630 054900;70.835000;70.865000;70.825000;70.830000;0
20260630 055000;70.820000;70.845000;70.780000;70.815000;0
20260630 055100;70.805000;70.825000;70.728000;70.790000;0
20260630 055200;70.795000;70.855000;70.790000;70.845000;0
20260630 055300;70.835000;70.865000;70.790000;70.800000;0
20260630 055400;70.805000;70.905000;70.805000;70.900000;0
20260630 055500;70.905000;70.910000;70.855000;70.890000;0
20260630 055600;70.885000;70.945000;70.885000;70.940000;0
20260630 055700;70.945000;70.965000;70.935000;70.960000;0
20260630 055800;70.965000;71.015000;70.938000;70.975000;0
20260630 055900;70.985000;71.025000;70.965000;71.005000;0
20260630 060000;71.000000;71.150000;71.000000;71.130000;0
20260630 060100;71.125000;71.145000;70.998000;71.075000;0
20260630 060200;71.065000;71.100000;71.055000;71.065000;0
20260630 060300;71.060000;71.065000;71.020000;71.025000;0
20260630 060400;71.030000;71.050000;70.990000;71.000000;0
20260630 060500;70.995000;71.000000;70.945000;70.960000;0
20260630 060600;70.965000;70.980000;70.920000;70.975000;0
20260630 060700;70.980000;70.990000;70.940000;70.955000;0
20260630 060800;70.945000;70.965000;70.925000;70.945000;0
20260630 060900;70.950000;71.045000;70.945000;71.045000;0
20260630 061000;71.050000;71.085000;71.025000;71.070000;0
20260630 061100;71.075000;71.075000;71.020000;71.045000;0
20260630 061200;71.040000;71.060000;71.025000;71.050000;0
20260630 061300;71.055000;71.060000;70.990000;70.995000;0
20260630 061400;70.990000;71.040000;70.988000;71.005000;0
20260630 061500;71.010000;71.035000;70.975000;71.035000;0
20260630 061600;71.030000;71.055000;70.973000;70.990000;0
20260630 061700;70.985000;70.985000;70.960000;70.980000;0
20260630 061800;70.990000;70.990000;70.920000;70.950000;0
20260630 061900;70.960000;70.990000;70.945000;70.950000;0
20260630 062000;70.955000;70.960000;70.908000;70.955000;0
20260630 062100;70.940000;70.945000;70.910000;70.935000;0
20260630 062200;70.930000;70.930000;70.895000;70.910000;0
20260630 062300;70.900000;70.920000;70.870000;70.920000;0
20260630 062400;70.915000;70.925000;70.865000;70.890000;0
20260630 062500;70.885000;70.895000;70.795000;70.800000;0
20260630 062600;70.805000;70.810000;70.740000;70.745000;0
20260630 062700;70.750000;70.780000;70.695000;70.710000;0
20260630 062800;70.725000;70.730000;70.645000;70.665000;0
20260630 062900;70.670000;70.695000;70.655000;70.675000;0
20260630 063000;70.680000;70.845000;70.660000;70.840000;0
20260630 063100;70.835000;70.855000;70.800000;70.825000;0
20260630 063200;70.830000;70.835000;70.810000;70.835000;0
20260630 063300;70.840000;70.890000;70.800000;70.805000;0
20260630 063400;70.800000;70.805000;70.770000;70.800000;0
20260630 063500;70.805000;70.815000;70.780000;70.785000;0
20260630 063600;70.780000;70.800000;70.755000;70.785000;0
20260630 063700;70.780000;70.785000;70.720000;70.760000;0
20260630 063800;70.765000;70.780000;70.720000;70.740000;0
20260630 063900;70.735000;70.745000;70.730000;70.735000;0
20260630 064000;70.745000;70.755000;70.695000;70.695000;0
20260630 064100;70.690000;70.695000;70.625000;70.660000;0
20260630 064200;70.655000;70.655000;70.535000;70.555000;0
20260630 064300;70.565000;70.580000;70.525000;70.540000;0
20260630 064400;70.545000;70.600000;70.525000;70.600000;0
20260630 064500;70.595000;70.695000;70.585000;70.590000;0
20260630 064600;70.595000;70.645000;70.590000;70.615000;0
20260630 064700;70.605000;70.625000;70.590000;70.600000;0
20260630 064800;70.605000;70.635000;70.585000;70.620000;0
20260630 064900;70.625000;70.670000;70.615000;70.660000;0
20260630 065000;70.665000;70.675000;70.640000;70.650000;0
20260630 065100;70.655000;70.655000;70.595000;70.595000;0
20260630 065200;70.605000;70.670000;70.595000;70.665000;0
20260630 065300;70.660000;70.695000;70.655000;70.670000;0
20260630 065400;70.675000;70.725000;70.655000;70.725000;0
20260630 065500;70.720000;70.770000;70.680000;70.705000;0
20260630 065600;70.700000;70.750000;70.685000;70.690000;0
20260630 065700;70.695000;70.710000;70.665000;70.665000;0
20260630 065800;70.660000;70.700000;70.643000;70.690000;0
20260630 065900;70.685000;70.705000;70.670000;70.670000;0
20260630 070000;70.705000;70.780000;70.685000;70.755000;0
20260630 070100;70.765000;70.775000;70.660000;70.660000;0
20260630 070200;70.665000;70.720000;70.665000;70.715000;0
20260630 070300;70.705000;70.710000;70.675000;70.690000;0
20260630 070400;70.695000;70.750000;70.690000;70.715000;0
20260630 070500;70.695000;70.705000;70.675000;70.680000;0
20260630 070600;70.685000;70.710000;70.675000;70.690000;0
20260630 070700;70.680000;70.695000;70.675000;70.690000;0
20260630 070800;70.685000;70.715000;70.675000;70.710000;0
20260630 070900;70.715000;70.715000;70.675000;70.695000;0
20260630 071000;70.685000;70.715000;70.650000;70.700000;0
20260630 071100;70.705000;70.735000;70.695000;70.730000;0
20260630 071200;70.735000;70.765000;70.715000;70.715000;0
20260630 071300;70.705000;70.705000;70.640000;70.645000;0
20260630 071400;70.650000;70.690000;70.635000;70.670000;0
20260630 071500;70.675000;70.675000;70.660000;70.665000;0
20260630 071600;70.660000;70.670000;70.635000;70.640000;0
20260630 071700;70.635000;70.635000;70.585000;70.595000;0
20260630 071800;70.605000;70.640000;70.595000;70.625000;0
20260630 071900;70.635000;70.635000;70.575000;70.585000;0
20260630 072000;70.590000;70.590000;70.520000;70.565000;0
20260630 072100;70.570000;70.580000;70.535000;70.535000;0
20260630 072200;70.530000;70.580000;70.525000;70.580000;0
20260630 072300;70.585000;70.675000;70.585000;70.605000;0
20260630 072400;70.615000;70.645000;70.595000;70.625000;0
20260630 072500;70.610000;70.650000;70.605000;70.605000;0
20260630 072600;70.600000;70.600000;70.560000;70.595000;0
20260630 072700;70.590000;70.660000;70.575000;70.650000;0
20260630 072800;70.645000;70.645000;70.520000;70.605000;0
20260630 072900;70.620000;70.755000;70.540000;70.745000;0
20260630 073000;70.740000;70.785000;70.700000;70.780000;0
20260630 073100;70.785000;70.835000;70.710000;70.735000;0
20260630 073200;70.725000;70.765000;70.725000;70.740000;0
20260630 073300;70.745000;70.825000;70.725000;70.800000;0
20260630 073400;70.795000;70.810000;70.785000;70.790000;0
20260630 073500;70.785000;70.810000;70.760000;70.805000;0
20260630 073600;70.795000;70.825000;70.735000;70.750000;0
20260630 073700;70.755000;70.810000;70.740000;70.810000;0
20260630 073800;70.805000;70.805000;70.760000;70.780000;0
20260630 073900;70.785000;70.810000;70.780000;70.800000;0
20260630 074000;70.810000;70.825000;70.780000;70.785000;0
20260630 074100;70.795000;70.845000;70.795000;70.840000;0
20260630 074200;70.835000;70.885000;70.825000;70.880000;0
20260630 074300;70.885000;70.910000;70.840000;70.855000;0
20260630 074400;70.850000;70.880000;70.850000;70.880000;0
20260630 074500;70.890000;70.940000;70.875000;70.935000;0
20260630 074600;70.930000;70.985000;70.925000;70.975000;0
20260630 074700;70.970000;70.995000;70.945000;70.960000;0
20260630 074800;70.955000;70.965000;70.945000;70.955000;0
20260630 074900;70.945000;70.965000;70.945000;70.955000;0
20260630 075000;70.965000;71.005000;70.945000;70.945000;0
20260630 075100;70.950000;70.985000;70.828000;70.935000;0
20260630 075200;70.930000;71.040000;70.888000;71.035000;0
20260630 075300;71.045000;71.085000;71.015000;71.015000;0
20260630 075400;71.020000;71.070000;71.015000;71.040000;0
20260630 075500;71.045000;71.090000;71.040000;71.040000;0
20260630 075600;71.035000;71.040000;70.975000;70.980000;0
20260630 075700;70.990000;71.105000;70.990000;71.100000;0
20260630 075800;71.105000;71.175000;71.070000;71.105000;0
20260630 075900;71.100000;71.155000;71.085000;71.135000;0
20260630 080000;71.150000;71.155000;71.045000;71.075000;0
20260630 080100;71.085000;71.115000;71.060000;71.060000;0
20260630 080200;71.065000;71.160000;71.065000;71.150000;0
20260630 080300;71.165000;71.205000;71.113000;71.195000;0
20260630 080400;71.185000;71.215000;71.125000;71.155000;0
20260630 080500;71.145000;71.165000;71.125000;71.150000;0
20260630 080600;71.155000;71.195000;71.130000;71.175000;0
20260630 080700;71.170000;71.175000;71.145000;71.160000;0
20260630 080800;71.165000;71.175000;71.110000;71.120000;0
20260630 080900;71.115000;71.130000;71.090000;71.120000;0
20260630 081000;71.115000;71.135000;71.085000;71.095000;0
20260630 081100;71.085000;71.090000;71.020000;71.040000;0
20260630 081200;71.035000;71.070000;71.025000;71.060000;0
20260630 081300;71.055000;71.080000;71.040000;71.045000;0
20260630 081400;71.030000;71.175000;71.030000;71.155000;0
20260630 081500;71.160000;71.215000;71.135000;71.190000;0
20260630 081600;71.195000;71.345000;71.173000;71.335000;0
20260630 081700;71.345000;71.390000;71.325000;71.385000;0
20260630 081800;71.390000;71.530000;71.370000;71.495000;0
20260630 081900;71.485000;71.520000;71.297000;71.315000;0
20260630 082000;71.310000;71.310000;71.153000;71.195000;0
20260630 082100;71.185000;71.295000;71.185000;71.240000;0
20260630 082200;71.245000;71.270000;71.225000;71.270000;0
20260630 082300;71.275000;71.305000;71.240000;71.265000;0
20260630 082400;71.270000;71.295000;71.255000;71.265000;0
20260630 082500;71.260000;71.270000;71.155000;71.160000;0
20260630 082600;71.165000;71.180000;71.093000;71.145000;0
20260630 082700;71.140000;71.215000;71.140000;71.215000;0
20260630 082800;71.220000;71.230000;71.200000;71.220000;0
20260630 082900;71.225000;71.235000;71.145000;71.205000;0
20260630 083000;71.210000;71.210000;71.133000;71.160000;0
20260630 083100;71.155000;71.195000;71.068000;71.083000;0
20260630 083200;71.078000;71.175000;71.063000;71.165000;0
20260630 083300;71.175000;71.175000;71.093000;71.135000;0
20260630 083400;71.140000;71.160000;71.105000;71.110000;0
20260630 083500;71.115000;71.115000;71.015000;71.025000;0
20260630 083600;71.015000;71.025000;71.010000;71.015000;0
20260630 083700;71.025000;71.065000;71.005000;71.005000;0
20260630 083800;71.015000;71.045000;70.905000;70.925000;0
20260630 083900;70.915000;70.925000;70.835000;70.870000;0
20260630 084000;70.865000;70.880000;70.815000;70.825000;0
20260630 084100;70.830000;70.905000;70.830000;70.905000;0
20260630 084200;70.910000;70.975000;70.885000;70.975000;0
20260630 084300;70.985000;70.985000;70.905000;70.905000;0
20260630 084400;70.915000;70.965000;70.905000;70.945000;0
20260630 084500;70.950000;71.045000;70.893000;70.970000;0
20260630 084600;70.965000;71.035000;70.918000;71.030000;0
20260630 084700;71.025000;71.040000;70.990000;70.995000;0
20260630 084800;71.005000;71.050000;70.985000;71.050000;0
20260630 084900;71.055000;71.065000;70.990000;70.995000;0
20260630 085000;71.005000;71.010000;70.960000;71.000000;0
20260630 085100;70.990000;71.005000;70.960000;70.970000;0
20260630 085200;70.975000;71.010000;70.933000;70.995000;0
20260630 085300;71.005000;71.015000;70.925000;70.935000;0
20260630 085400;70.945000;70.945000;70.905000;70.925000;0
20260630 085500;70.915000;70.995000;70.915000;70.950000;0
20260630 085600;70.955000;70.995000;70.950000;70.985000;0
20260630 085700;70.975000;70.995000;70.873000;70.915000;0
20260630 085800;70.910000;70.930000;70.900000;70.905000;0
20260630 085900;70.910000;70.975000;70.900000;70.955000;0
20260630 090000;70.950000;71.075000;70.845000;71.065000;0
20260630 090100;71.060000;71.115000;71.010000;71.035000;0
20260630 090200;71.040000;71.190000;71.015000;71.185000;0
20260630 090300;71.195000;71.265000;71.123000;71.255000;0
20260630 090400;71.250000;71.275000;71.180000;71.260000;0
20260630 090500;71.250000;71.360000;71.245000;71.265000;0
20260630 090600;71.250000;71.295000;71.208000;71.285000;0
20260630 090700;71.290000;71.345000;71.260000;71.310000;0
20260630 090800;71.305000;71.310000;71.215000;71.235000;0
20260630 090900;71.230000;71.255000;71.155000;71.210000;0
20260630 091000;71.205000;71.370000;71.195000;71.305000;0
20260630 091100;71.310000;71.405000;71.305000;71.395000;0
20260630 091200;71.400000;71.465000;71.390000;71.435000;0
20260630 091300;71.440000;71.455000;71.293000;71.375000;0
20260630 091400;71.370000;71.480000;71.355000;71.475000;0
20260630 091500;71.485000;71.545000;71.335000;71.395000;0
20260630 091600;71.410000;71.435000;71.345000;71.385000;0
20260630 091700;71.390000;71.425000;71.340000;71.345000;0
20260630 091800;71.350000;71.380000;71.245000;71.250000;0
20260630 091900;71.240000;71.240000;71.075000;71.080000;0
20260630 092000;71.075000;71.100000;71.025000;71.065000;0
20260630 092100;71.055000;71.085000;71.010000;71.035000;0
20260630 092200;71.030000;71.035000;70.915000;70.950000;0
20260630 092300;70.945000;70.955000;70.825000;70.850000;0
20260630 092400;70.855000;70.965000;70.850000;70.955000;0
20260630 092500;70.965000;70.975000;70.895000;70.935000;0
20260630 092600;70.925000;70.975000;70.885000;70.975000;0
20260630 092700;70.985000;71.015000;70.935000;71.010000;0
20260630 092800;71.005000;71.110000;70.995000;71.055000;0
20260630 092900;71.060000;71.240000;71.060000;71.205000;0
20260630 093000;71.210000;71.210000;70.970000;70.980000;0
20260630 093100;70.970000;70.995000;70.873000;70.920000;0
20260630 093200;70.915000;70.955000;70.905000;70.910000;0
20260630 093300;70.915000;70.965000;70.880000;70.890000;0
20260630 093400;70.895000;70.965000;70.845000;70.955000;0
20260630 093500;70.965000;70.975000;70.875000;70.875000;0
20260630 093600;70.880000;70.915000;70.855000;70.885000;0
20260630 093700;70.890000;70.935000;70.865000;70.915000;0
20260630 093800;70.925000;70.955000;70.860000;70.875000;0
20260630 093900;70.885000;70.910000;70.875000;70.885000;0
20260630 094000;70.890000;70.895000;70.835000;70.855000;0
20260630 094100;70.860000;70.895000;70.685000;70.705000;0
20260630 094200;70.710000;70.775000;70.683000;70.735000;0
20260630 094300;70.745000;70.780000;70.730000;70.770000;0
20260630 094400;70.775000;70.800000;70.740000;70.740000;0
20260630 094500;70.750000;70.805000;70.710000;70.770000;0
20260630 094600;70.775000;70.785000;70.735000;70.755000;0
20260630 094700;70.745000;70.815000;70.735000;70.765000;0
20260630 094800;70.785000;70.790000;70.690000;70.755000;0
20260630 094900;70.760000;70.765000;70.690000;70.690000;0
20260630 095000;70.705000;70.765000;70.678000;70.745000;0
20260630 095100;70.730000;70.795000;70.703000;70.735000;0
20260630 095200;70.745000;70.755000;70.685000;70.715000;0
20260630 095300;70.725000;70.735000;70.678000;70.705000;0
20260630 095400;70.715000;70.815000;70.710000;70.815000;0
20260630 095500;70.800000;70.845000;70.785000;70.830000;0
20260630 095600;70.825000;70.875000;70.815000;70.875000;0
20260630 095700;70.880000;70.930000;70.880000;70.920000;0
20260630 095800;70.925000;70.935000;70.895000;70.930000;0
20260630 095900;70.945000;70.945000;70.845000;70.880000;0
20260630 100000;70.870000;70.925000;70.838000;70.925000;0
20260630 100100;70.935000;70.950000;70.850000;70.880000;0
20260630 100200;70.875000;70.930000;70.860000;70.905000;0
20260630 100300;70.863000;70.945000;70.863000;70.895000;0
20260630 100400;70.900000;70.945000;70.863000;70.940000;0
20260630 100500;70.935000;70.945000;70.873000;70.925000;0
20260630 100600;70.930000;70.945000;70.840000;70.855000;0
20260630 100700;70.850000;70.895000;70.805000;70.815000;0
20260630 100800;70.825000;70.915000;70.800000;70.905000;0
20260630 100900;70.915000;70.915000;70.875000;70.880000;0
20260630 101000;70.885000;70.900000;70.803000;70.815000;0
20260630 101100;70.820000;70.835000;70.793000;70.815000;0
20260630 101200;70.810000;70.865000;70.810000;70.835000;0
20260630 101300;70.830000;70.885000;70.830000;70.875000;0
20260630 101400;70.880000;70.885000;70.815000;70.820000;0
20260630 101500;70.815000;70.820000;70.723000;70.810000;0
20260630 101600;70.815000;70.825000;70.745000;70.745000;0
20260630 101700;70.735000;70.745000;70.655000;70.680000;0
20260630 101800;70.690000;70.730000;70.665000;70.720000;0
20260630 101900;70.715000;70.725000;70.600000;70.610000;0
20260630 102000;70.595000;70.625000;70.580000;70.585000;0
20260630 102100;70.590000;70.650000;70.555000;70.555000;0
20260630 102200;70.545000;70.620000;70.540000;70.585000;0
20260630 102300;70.590000;70.625000;70.543000;70.625000;0
20260630 102400;70.635000;70.665000;70.595000;70.605000;0
20260630 102500;70.610000;70.715000;70.590000;70.715000;0
20260630 102600;70.720000;70.720000;70.620000;70.630000;0
20260630 102700;70.635000;70.690000;70.625000;70.680000;0
20260630 102800;70.685000;70.765000;70.663000;70.755000;0
20260630 102900;70.745000;70.805000;70.715000;70.795000;0
20260630 103000;70.800000;70.875000;70.750000;70.850000;0
20260630 103100;70.845000;70.855000;70.745000;70.765000;0
20260630 103200;70.755000;70.805000;70.680000;70.680000;0
20260630 103300;70.685000;70.715000;70.680000;70.685000;0
20260630 103400;70.680000;70.690000;70.665000;70.670000;0
20260630 103500;70.665000;70.785000;70.665000;70.730000;0
20260630 103600;70.735000;70.765000;70.685000;70.695000;0
20260630 103700;70.690000;70.705000;70.603000;70.655000;0
20260630 103800;70.665000;70.725000;70.660000;70.725000;0
20260630 103900;70.720000;70.745000;70.565000;70.575000;0
20260630 104000;70.580000;70.615000;70.533000;70.605000;0
20260630 104100;70.610000;70.635000;70.590000;70.605000;0
20260630 104200;70.610000;70.625000;70.505000;70.545000;0
20260630 104300;70.550000;70.555000;70.495000;70.520000;0
20260630 104400;70.515000;70.635000;70.495000;70.530000;0
20260630 104500;70.535000;70.595000;70.500000;70.575000;0
20260630 104600;70.570000;70.570000;70.465000;70.465000;0
20260630 104700;70.470000;70.555000;70.430000;70.505000;0
20260630 104800;70.515000;70.515000;70.465000;70.465000;0
20260630 104900;70.470000;70.495000;70.408000;70.490000;0
20260630 105000;70.448000;70.495000;70.395000;70.405000;0
20260630 105100;70.400000;70.445000;70.303000;70.345000;0
20260630 105200;70.355000;70.425000;70.330000;70.395000;0
20260630 105300;70.415000;70.420000;70.358000;70.385000;0
20260630 105400;70.333000;70.410000;70.333000;70.405000;0
20260630 105500;70.400000;70.425000;70.343000;70.395000;0
20260630 105600;70.400000;70.445000;70.373000;70.375000;0
20260630 105700;70.380000;70.385000;70.293000;70.375000;0
20260630 105800;70.385000;70.405000;70.325000;70.385000;0
20260630 105900;70.390000;70.425000;70.343000;70.410000;0
20260630 110000;70.415000;70.420000;70.283000;70.355000;0
20260630 110100;70.340000;70.345000;70.183000;70.265000;0
20260630 110200;70.255000;70.315000;70.238000;70.310000;0
20260630 110300;70.315000;70.355000;70.305000;70.315000;0
20260630 110400;70.325000;70.325000;70.203000;70.280000;0
20260630 110500;70.275000;70.280000;70.195000;70.220000;0
20260630 110600;70.225000;70.275000;70.173000;70.240000;0
20260630 110700;70.235000;70.250000;70.195000;70.245000;0
20260630 110800;70.240000;70.255000;70.173000;70.245000;0
20260630 110900;70.240000;70.275000;70.203000;70.235000;0
20260630 111000;70.240000;70.295000;70.210000;70.215000;0
20260630 111100;70.225000;70.225000;70.125000;70.140000;0
20260630 111200;70.145000;70.200000;70.125000;70.195000;0
20260630 111300;70.190000;70.190000;70.130000;70.175000;0
20260630 111400;70.180000;70.245000;70.175000;70.215000;0
20260630 111500;70.220000;70.355000;70.215000;70.350000;0
20260630 111600;70.335000;70.345000;70.265000;70.270000;0
20260630 111700;70.265000;70.285000;70.235000;70.265000;0
20260630 111800;70.270000;70.280000;70.225000;70.240000;0
20260630 111900;70.235000;70.255000;70.225000;70.235000;0
20260630 112000;70.245000;70.255000;70.200000;70.215000;0
20260630 112100;70.210000;70.280000;70.210000;70.280000;0
20260630 112200;70.275000;70.280000;70.115000;70.130000;0
20260630 112300;70.125000;70.155000;70.090000;70.100000;0
20260630 112400;70.095000;70.105000;70.043000;70.065000;0
20260630 112500;70.070000;70.075000;69.968000;70.035000;0
20260630 112600;70.025000;70.095000;70.015000;70.035000;0
20260630 112700;70.040000;70.060000;69.973000;70.030000;0
20260630 112800;70.045000;70.105000;70.000000;70.015000;0
20260630 112900;70.010000;70.085000;69.995000;70.045000;0
20260630 113000;70.035000;70.155000;69.985000;70.155000;0
20260630 113100;70.145000;70.165000;70.043000;70.085000;0
20260630 113200;70.090000;70.145000;70.065000;70.115000;0
20260630 113300;70.125000;70.130000;70.005000;70.010000;0
20260630 113400;70.015000;70.080000;70.005000;70.060000;0
20260630 113500;70.055000;70.105000;70.045000;70.090000;0
20260630 113600;70.095000;70.105000;70.015000;70.050000;0
20260630 113700;70.045000;70.050000;69.955000;69.960000;0
20260630 113800;69.965000;70.000000;69.945000;69.995000;0
20260630 113900;69.985000;70.015000;69.975000;69.995000;0
20260630 114000;69.990000;70.125000;69.990000;70.115000;0
20260630 114100;70.120000;70.145000;70.055000;70.075000;0
20260630 114200;70.085000;70.130000;70.075000;70.080000;0
20260630 114300;70.085000;70.095000;70.045000;70.095000;0
20260630 114400;70.085000;70.095000;70.040000;70.065000;0
20260630 114500;70.055000;70.075000;70.035000;70.045000;0
20260630 114600;70.040000;70.075000;69.985000;70.010000;0
20260630 114700;70.005000;70.075000;70.005000;70.035000;0
20260630 114800;70.030000;70.035000;69.910000;69.915000;0
20260630 114900;69.920000;69.935000;69.873000;69.925000;0
20260630 115000;69.915000;69.925000;69.823000;69.875000;0
20260630 115100;69.865000;69.875000;69.775000;69.805000;0
20260630 115200;69.795000;69.860000;69.785000;69.845000;0
20260630 115300;69.835000;69.835000;69.795000;69.815000;0
20260630 115400;69.795000;69.850000;69.785000;69.845000;0
20260630 115500;69.835000;69.845000;69.683000;69.720000;0
20260630 115600;69.725000;69.800000;69.715000;69.775000;0
20260630 115700;69.765000;69.805000;69.765000;69.785000;0
20260630 115800;69.780000;69.785000;69.755000;69.765000;0
20260630 115900;69.760000;69.785000;69.735000;69.755000;0
20260630 120000;69.745000;69.815000;69.713000;69.815000;0
20260630 120100;69.805000;69.805000;69.735000;69.745000;0
20260630 120200;69.755000;69.810000;69.755000;69.765000;0
20260630 120300;69.775000;69.845000;69.770000;69.845000;0
20260630 120400;69.850000;69.865000;69.810000;69.855000;0
20260630 120500;69.860000;69.905000;69.855000;69.905000;0
20260630 120600;69.910000;69.915000;69.845000;69.895000;0
20260630 120700;69.900000;69.905000;69.855000;69.865000;0
20260630 120800;69.855000;69.895000;69.855000;69.885000;0
20260630 120900;69.895000;69.940000;69.885000;69.935000;0
20260630 121000;69.945000;69.950000;69.885000;69.915000;0
20260630 121100;69.920000;69.955000;69.873000;69.935000;0
20260630 121200;69.940000;70.015000;69.883000;70.010000;0
20260630 121300;70.015000;70.065000;70.010000;70.055000;0
20260630 121400;70.050000;70.095000;70.013000;70.085000;0
20260630 121500;70.080000;70.145000;70.065000;70.085000;0
20260630 121600;70.080000;70.120000;70.020000;70.020000;0
20260630 121700;70.015000;70.035000;69.985000;69.995000;0
20260630 121800;69.990000;70.025000;69.990000;69.995000;0
20260630 121900;70.000000;70.035000;69.985000;70.010000;0
20260630 122000;70.005000;70.065000;70.000000;70.030000;0
20260630 122100;70.035000;70.055000;70.020000;70.025000;0
20260630 122200;70.030000;70.065000;70.030000;70.035000;0
20260630 122300;70.030000;70.030000;69.990000;69.995000;0
20260630 122400;70.000000;70.030000;69.995000;70.010000;0
20260630 122500;70.015000;70.030000;70.010000;70.025000;0
20260630 122600;70.020000;70.025000;69.913000;69.955000;0
20260630 122700;69.965000;70.005000;69.955000;69.990000;0
20260630 122800;69.995000;70.000000;69.955000;69.965000;0
20260630 122900;69.960000;69.975000;69.903000;69.965000;0
20260630 123000;69.970000;69.970000;69.895000;69.915000;0
20260630 123100;69.925000;69.935000;69.875000;69.875000;0
20260630 123200;69.880000;69.900000;69.865000;69.895000;0
20260630 123300;69.885000;69.885000;69.810000;69.815000;0
20260630 123400;69.825000;69.850000;69.815000;69.825000;0
20260630 123500;69.815000;69.875000;69.783000;69.870000;0
20260630 123600;69.865000;69.915000;69.803000;69.895000;0
20260630 123700;69.890000;69.910000;69.875000;69.880000;0
20260630 123800;69.885000;69.895000;69.865000;69.875000;0
20260630 123900;69.860000;69.880000;69.840000;69.840000;0
20260630 124000;69.835000;69.870000;69.835000;69.870000;0
20260630 124100;69.875000;69.905000;69.865000;69.905000;0
20260630 124200;69.915000;69.920000;69.895000;69.895000;0
20260630 124300;69.905000;69.915000;69.885000;69.905000;0
20260630 124400;69.900000;69.945000;69.890000;69.930000;0
20260630 124500;69.935000;69.935000;69.895000;69.905000;0
20260630 124600;69.895000;69.905000;69.865000;69.885000;0
20260630 124700;69.895000;69.895000;69.855000;69.855000;0
20260630 124800;69.845000;69.855000;69.825000;69.855000;0
20260630 124900;69.850000;69.890000;69.850000;69.860000;0
20260630 125000;69.865000;69.875000;69.845000;69.855000;0
20260630 125100;69.845000;69.945000;69.845000;69.915000;0
20260630 125200;69.905000;69.925000;69.838000;69.875000;0
20260630 125300;69.880000;69.900000;69.865000;69.875000;0
20260630 125400;69.870000;69.875000;69.845000;69.860000;0
20260630 125500;69.865000;69.865000;69.805000;69.805000;0
20260630 125600;69.815000;69.815000;69.735000;69.735000;0
20260630 125700;69.745000;69.770000;69.735000;69.760000;0
20260630 125800;69.755000;69.785000;69.745000;69.755000;0
20260630 125900;69.765000;69.800000;69.745000;69.780000;0
20260630 130000;69.775000;69.805000;69.710000;69.735000;0
20260630 130100;69.745000;69.815000;69.745000;69.805000;0
20260630 130200;69.800000;69.825000;69.780000;69.785000;0
20260630 130300;69.765000;69.815000;69.765000;69.800000;0
20260630 130400;69.805000;69.805000;69.775000;69.775000;0
20260630 130500;69.780000;69.785000;69.755000;69.755000;0
20260630 130600;69.765000;69.775000;69.765000;69.770000;0
20260630 130700;69.775000;69.815000;69.755000;69.795000;0
20260630 130800;69.790000;69.810000;69.785000;69.805000;0
20260630 130900;69.790000;69.805000;69.765000;69.795000;0
20260630 131000;69.805000;69.845000;69.805000;69.830000;0
20260630 131100;69.835000;69.845000;69.805000;69.835000;0
20260630 131200;69.840000;69.845000;69.795000;69.825000;0
20260630 131300;69.820000;69.840000;69.810000;69.810000;0
20260630 131400;69.815000;69.845000;69.815000;69.825000;0
20260630 131500;69.820000;69.875000;69.820000;69.865000;0
20260630 131600;69.855000;69.875000;69.765000;69.775000;0
20260630 131700;69.785000;69.825000;69.785000;69.825000;0
20260630 131800;69.835000;69.835000;69.785000;69.795000;0
20260630 131900;69.800000;69.805000;69.735000;69.735000;0
20260630 132000;69.740000;69.785000;69.735000;69.750000;0
20260630 132100;69.745000;69.755000;69.645000;69.675000;0
20260630 132200;69.665000;69.715000;69.660000;69.715000;0
20260630 132300;69.710000;69.715000;69.695000;69.700000;0
20260630 132400;69.695000;69.730000;69.695000;69.705000;0
20260630 132500;69.715000;69.720000;69.685000;69.715000;0
20260630 132600;69.710000;69.710000;69.605000;69.615000;0
20260630 132700;69.625000;69.625000;69.545000;69.555000;0
20260630 132800;69.565000;69.615000;69.545000;69.595000;0
20260630 132900;69.590000;69.645000;69.585000;69.645000;0
20260630 133000;69.635000;69.675000;69.623000;69.630000;0
20260630 133100;69.625000;69.625000;69.585000;69.605000;0
20260630 133200;69.615000;69.655000;69.615000;69.645000;0
20260630 133300;69.645000;69.645000;69.640000;69.645000;0
20260630 133400;69.645000;69.645000;69.645000;69.645000;0
20260630 133500;69.645000;69.645000;69.575000;69.625000;0
20260630 133600;69.630000;69.675000;69.615000;69.675000;0
20260630 133700;69.670000;69.675000;69.645000;69.650000;0
20260630 133800;69.645000;69.660000;69.595000;69.595000;0
20260630 133900;69.590000;69.625000;69.585000;69.615000;0
20260630 134000;69.610000;69.615000;69.553000;69.595000;0
20260630 134100;69.605000;69.615000;69.585000;69.585000;0
20260630 134200;69.590000;69.615000;69.550000;69.560000;0
20260630 134300;69.565000;69.625000;69.550000;69.615000;0
20260630 134400;69.610000;69.655000;69.583000;69.655000;0
20260630 134500;69.665000;69.705000;69.633000;69.695000;0
20260630 134600;69.690000;69.695000;69.655000;69.685000;0
20260630 134700;69.690000;69.730000;69.663000;69.695000;0
20260630 134800;69.705000;69.710000;69.675000;69.705000;0
20260630 134900;69.715000;69.745000;69.705000;69.735000;0
20260630 135000;69.725000;69.730000;69.665000;69.685000;0
20260630 135100;69.680000;69.720000;69.665000;69.715000;0
20260630 135200;69.705000;69.705000;69.675000;69.675000;0
20260630 135300;69.685000;69.685000;69.655000;69.685000;0
20260630 135400;69.675000;69.695000;69.655000;69.685000;0
20260630 135500;69.675000;69.720000;69.665000;69.705000;0
20260630 135600;69.700000;69.705000;69.675000;69.675000;0
20260630 135700;69.680000;69.720000;69.655000;69.660000;0
20260630 135800;69.665000;69.685000;69.660000;69.685000;0
20260630 135900;69.690000;69.705000;69.645000;69.660000;0
20260630 140000;69.665000;69.705000;69.615000;69.665000;0
20260630 140100;69.675000;69.675000;69.640000;69.655000;0
20260630 140200;69.665000;69.665000;69.585000;69.595000;0
20260630 140300;69.600000;69.635000;69.585000;69.620000;0
20260630 140400;69.615000;69.660000;69.615000;69.635000;0
20260630 140500;69.645000;69.665000;69.640000;69.645000;0
20260630 140600;69.640000;69.655000;69.630000;69.635000;0
20260630 140700;69.645000;69.645000;69.605000;69.610000;0
20260630 140800;69.605000;69.630000;69.585000;69.595000;0
20260630 140900;69.590000;69.595000;69.565000;69.585000;0
20260630 141000;69.595000;69.605000;69.565000;69.565000;0
20260630 141100;69.570000;69.570000;69.525000;69.545000;0
20260630 141200;69.555000;69.585000;69.535000;69.535000;0
20260630 141300;69.515000;69.515000;69.425000;69.455000;0
20260630 141400;69.445000;69.485000;69.413000;69.475000;0
20260630 141500;69.480000;69.485000;69.455000;69.455000;0
20260630 141600;69.460000;69.460000;69.435000;69.445000;0
20260630 141700;69.440000;69.490000;69.435000;69.485000;0
20260630 141800;69.475000;69.485000;69.445000;69.455000;0
20260630 141900;69.450000;69.465000;69.415000;69.435000;0
20260630 142000;69.430000;69.465000;69.410000;69.420000;0
20260630 142100;69.415000;69.415000;69.245000;69.245000;0
20260630 142200;69.255000;69.330000;69.210000;69.243000;0
20260630 142300;69.290000;69.340000;69.263000;69.320000;0
20260630 142400;69.315000;69.315000;69.235000;69.255000;0
20260630 142500;69.260000;69.305000;69.255000;69.295000;0
20260630 142600;69.290000;69.355000;69.270000;69.325000;0
20260630 142700;69.330000;69.405000;69.320000;69.405000;0
20260630 142800;69.385000;69.555000;69.305000;69.485000;0
20260630 142900;69.475000;69.535000;69.423000;69.495000;0
20260630 143000;69.525000;69.595000;69.453000;69.585000;0
20260630 143100;69.590000;69.590000;69.485000;69.510000;0
20260630 143200;69.505000;69.575000;69.485000;69.575000;0
20260630 143300;69.570000;69.595000;69.555000;69.585000;0
20260630 143400;69.565000;69.655000;69.565000;69.645000;0
20260630 143500;69.650000;69.675000;69.613000;69.675000;0
20260630 143600;69.670000;69.725000;69.660000;69.705000;0
20260630 143700;69.700000;69.720000;69.685000;69.695000;0
20260630 143800;69.700000;69.710000;69.675000;69.675000;0
20260630 143900;69.685000;69.735000;69.675000;69.725000;0
20260630 144000;69.720000;69.735000;69.710000;69.725000;0
20260630 144100;69.720000;69.720000;69.695000;69.705000;0
20260630 144200;69.710000;69.800000;69.705000;69.795000;0
20260630 144300;69.785000;69.835000;69.763000;69.800000;0
20260630 144400;69.795000;69.820000;69.785000;69.785000;0
20260630 144500;69.790000;69.790000;69.745000;69.765000;0
20260630 144600;69.780000;69.805000;69.770000;69.795000;0
20260630 144700;69.800000;69.825000;69.790000;69.815000;0
20260630 144800;69.820000;69.840000;69.805000;69.840000;0
20260630 144900;69.855000;69.945000;69.855000;69.920000;0
20260630 145000;69.915000;69.950000;69.905000;69.945000;0
20260630 145100;69.950000;69.950000;69.915000;69.915000;0
20260630 145200;69.905000;70.015000;69.900000;69.985000;0
20260630 145300;69.980000;69.985000;69.893000;69.935000;0
20260630 145400;69.955000;69.955000;69.905000;69.915000;0
20260630 145500;69.920000;69.945000;69.905000;69.945000;0
20260630 145600;69.940000;69.985000;69.940000;69.975000;0
20260630 145700;69.970000;69.975000;69.955000;69.965000;0
20260630 145800;69.960000;69.975000;69.945000;69.955000;0
20260630 145900;69.965000;69.975000;69.955000;69.955000;0
20260630 150000;69.970000;69.975000;69.918000;69.975000;0
20260630 150100;69.960000;69.960000;69.905000;69.915000;0
20260630 150200;69.905000;69.930000;69.905000;69.910000;0
20260630 150300;69.915000;69.915000;69.885000;69.905000;0
20260630 150400;69.900000;69.930000;69.895000;69.930000;0
20260630 150500;69.935000;69.965000;69.935000;69.965000;0
20260630 150600;69.955000;69.970000;69.893000;69.903000;0
20260630 150700;69.908000;69.975000;69.908000;69.955000;0
20260630 150800;69.960000;69.965000;69.955000;69.955000;0
20260630 150900;69.965000;69.985000;69.933000;69.975000;0
20260630 151000;69.970000;69.995000;69.930000;69.985000;0
20260630 151100;69.990000;69.990000;69.930000;69.930000;0
20260630 151200;69.935000;69.945000;69.915000;69.920000;0
20260630 151300;69.915000;69.945000;69.895000;69.935000;0
20260630 151400;69.940000;69.945000;69.915000;69.930000;0
20260630 151500;69.925000;69.925000;69.915000;69.920000;0
20260630 151600;69.925000;69.945000;69.915000;69.945000;0
20260630 151700;69.950000;69.980000;69.950000;69.975000;0
20260630 151800;69.970000;69.995000;69.945000;69.950000;0
20260630 151900;69.955000;69.960000;69.935000;69.940000;0
20260630 152000;69.945000;69.970000;69.940000;69.970000;0
20260630 152100;69.980000;70.005000;69.965000;70.005000;0
20260630 152200;70.015000;70.015000;69.990000;69.995000;0
20260630 152300;69.985000;70.015000;69.985000;70.015000;0
20260630 152400;70.010000;70.055000;70.010000;70.015000;0
20260630 152500;70.020000;70.040000;70.005000;70.015000;0
20260630 152600;70.020000;70.025000;70.000000;70.005000;0
20260630 152700;70.015000;70.015000;70.000000;70.015000;0
20260630 152800;70.005000;70.015000;70.005000;70.015000;0
20260630 152900;70.005000;70.005000;70.000000;70.005000;0
20260630 153000;70.010000;70.075000;70.005000;70.075000;0
20260630 153100;70.085000;70.095000;70.085000;70.085000;0
20260630 153200;70.075000;70.085000;70.065000;70.075000;0
20260630 153300;70.065000;70.075000;70.055000;70.055000;0
20260630 153400;70.065000;70.075000;70.065000;70.075000;0
20260630 153500;70.080000;70.080000;70.060000;70.065000;0
20260630 153600;70.070000;70.075000;70.035000;70.045000;0
20260630 153700;70.050000;70.055000;70.035000;70.045000;0
20260630 153800;70.035000;70.055000;70.035000;70.045000;0
20260630 153900;70.035000;70.105000;70.015000;70.105000;0
20260630 154000;70.110000;70.135000;70.063000;70.125000;0
20260630 154100;70.120000;70.120000;70.065000;70.065000;0
20260630 154200;70.070000;70.070000;70.025000;70.025000;0
20260630 154300;70.035000;70.065000;70.035000;70.055000;0
20260630 154400;70.060000;70.065000;70.045000;70.045000;0
20260630 154500;70.050000;70.075000;70.045000;70.050000;0
20260630 154600;70.045000;70.075000;70.040000;70.075000;0
20260630 154700;70.085000;70.085000;70.055000;70.065000;0
20260630 154800;70.075000;70.075000;70.045000;70.055000;0
20260630 154900;70.060000;70.060000;70.045000;70.045000;0
20260630 155000;70.035000;70.095000;70.035000;70.070000;0
20260630 155100;70.075000;70.105000;70.070000;70.105000;0
20260630 155200;70.095000;70.105000;70.075000;70.085000;0
20260630 155300;70.075000;70.105000;70.075000;70.095000;0
20260630 155400;70.115000;70.125000;70.075000;70.075000;0
20260630 155500;70.085000;70.115000;70.053000;70.085000;0
20260630 155600;70.090000;70.095000;70.075000;70.085000;0
20260630 155700;70.080000;70.095000;70.055000;70.070000;0
20260630 155800;70.065000;70.085000;70.055000;70.085000;0
20260630 155900;70.075000;70.090000;70.065000;70.065000;0
20260630 160000;70.070000;70.092000;70.052000;70.077000;0
20260630 160100;70.082000;70.087000;70.042000;70.042000;0
20260630 160200;70.047000;70.052000;70.032000;70.052000;0
20260630 160300;70.062000;70.082000;70.052000;70.052000;0
20260630 160400;70.047000;70.052000;70.032000;70.042000;0
20260630 160500;70.047000;70.072000;70.047000;70.052000;0
20260630 160600;70.057000;70.072000;70.042000;70.057000;0
20260630 160700;70.052000;70.052000;70.037000;70.052000;0
20260630 160800;70.042000;70.087000;70.042000;70.077000;0
20260630 160900;70.082000;70.082000;70.072000;70.072000;0
20260630 161000;70.062000;70.072000;70.062000;70.067000;0
20260630 161100;70.087000;70.122000;70.012000;70.017000;0
20260630 161200;70.012000;70.022000;70.002000;70.012000;0
20260630 161300;70.002000;70.017000;69.987000;70.002000;0
20260630 161400;69.997000;70.042000;69.992000;70.032000;0
20260630 161500;70.042000;70.047000;70.032000;70.047000;0
20260630 161600;70.067000;70.067000;70.042000;70.042000;0
20260630 161700;70.037000;70.057000;70.027000;70.032000;0
20260630 161800;70.042000;70.052000;70.027000;70.037000;0
20260630 161900;70.032000;70.032000;70.012000;70.012000;0
20260630 162000;70.022000;70.022000;69.992000;69.997000;0
20260630 162100;70.002000;70.022000;70.002000;70.002000;0
20260630 162200;70.012000;70.032000;70.002000;70.012000;0
20260630 162300;70.017000;70.047000;70.002000;70.007000;0
20260630 162400;70.017000;70.032000;70.017000;70.032000;0
20260630 162500;70.022000;70.047000;70.022000;70.042000;0
20260630 162600;70.032000;70.062000;70.032000;70.057000;0
20260630 162700;70.052000;70.057000;70.032000;70.037000;0
20260630 162800;70.042000;70.072000;70.042000;70.052000;0
20260630 162900;70.057000;70.057000;70.032000;70.032000;0
20260630 163000;70.042000;70.072000;70.032000;70.042000;0
20260630 163100;70.032000;70.052000;70.022000;70.047000;0
20260630 163200;70.042000;70.042000;70.007000;70.007000;0
20260630 163300;70.002000;70.022000;69.997000;70.012000;0
20260630 163400;70.017000;70.017000;70.002000;70.007000;0
20260630 163500;70.017000;70.022000;69.992000;70.002000;0
20260630 163600;69.992000;70.002000;69.982000;69.997000;0
20260630 163700;70.002000;70.002000;69.987000;69.992000;0
20260630 163800;70.002000;70.002000;70.002000;70.002000;0
20260630 163900;69.978000;70.027000;69.978000;70.022000;0
20260630 164000;70.017000;70.017000;69.997000;70.002000;0
20260630 164100;70.007000;70.032000;70.002000;70.027000;0
20260630 164200;70.032000;70.032000;70.002000;70.007000;0
20260630 164300;69.997000;70.007000;69.982000;69.987000;0
20260630 164400;69.992000;70.017000;69.987000;70.012000;0
20260630 164500;70.022000;70.022000;69.997000;70.007000;0
20260630 164600;69.997000;70.017000;69.992000;70.012000;0
20260630 164700;70.007000;70.012000;69.968000;70.002000;0
20260630 164800;69.997000;70.012000;69.992000;70.002000;0
20260630 164900;70.007000;70.017000;69.997000;70.002000;0
20260630 165000;70.007000;70.017000;69.952000;70.012000;0
20260630 165100;70.007000;70.022000;69.992000;70.017000;0
20260630 165200;70.012000;70.017000;70.012000;70.017000;0
20260630 165300;70.012000;70.017000;70.002000;70.002000;0
20260630 165400;70.012000;70.012000;69.997000;70.012000;0
20260630 165500;70.022000;70.047000;70.012000;70.047000;0
20260630 165600;70.057000;70.057000;70.047000;70.057000;0
20260630 165700;70.052000;70.052000;70.003000;70.017000;0
20260630 165800;70.012000;70.027000;70.012000;70.027000;0
20260630 165900;70.022000;70.023000;69.997000;69.997000;0
20260630 180000;70.050000;70.135000;69.940000;70.067000;0
20260630 180100;70.087000;70.087000;69.977000;69.977000;0
20260630 180200;69.950000;69.995000;69.945000;69.977000;0
20260630 180300;69.985000;69.990000;69.957000;69.980000;0
20260630 180400;69.967000;69.975000;69.955000;69.970000;0
20260630 180500;69.975000;69.980000;69.955000;69.965000;0
20260630 180600;69.960000;69.960000;69.960000;69.960000;0
20260630 180700;69.945000;69.945000;69.905000;69.930000;0
20260630 180800;69.935000;69.935000;69.915000;69.915000;0
20260630 180900;69.910000;69.920000;69.910000;69.920000;0
20260630 181000;69.935000;69.950000;69.935000;69.945000;0
20260630 181100;69.940000;69.940000;69.920000;69.920000;0
20260630 181200;69.925000;69.955000;69.925000;69.950000;0
20260630 181300;69.955000;69.955000;69.950000;69.950000;0
20260630 181500;69.935000;69.940000;69.930000;69.930000;0
20260630 181600;69.925000;69.925000;69.910000;69.910000;0
20260630 181800;69.930000;69.930000;69.930000;69.930000;0
20260630 182000;69.935000;69.935000;69.920000;69.930000;0
20260630 182300;69.910000;69.910000;69.910000;69.910000;0
20260630 182400;69.905000;69.930000;69.890000;69.930000;0
20260630 182500;69.925000;69.930000;69.890000;69.920000;0
20260630 182600;69.897000;69.905000;69.875000;69.890000;0
20260630 182700;69.895000;69.900000;69.895000;69.900000;0
20260630 182800;69.853000;69.925000;69.853000;69.925000;0
20260630 182900;69.878000;69.920000;69.878000;69.920000;0
20260630 183000;69.925000;69.925000;69.920000;69.920000;0
20260630 183100;69.915000;69.920000;69.910000;69.920000;0
20260630 183200;69.915000;69.925000;69.915000;69.925000;0
20260630 183300;69.920000;69.940000;69.920000;69.940000;0
20260630 183400;69.950000;69.955000;69.950000;69.950000;0
20260630 183500;69.955000;69.960000;69.955000;69.960000;0
20260630 183600;69.955000;69.955000;69.950000;69.955000;0
20260630 183700;69.960000;69.960000;69.930000;69.930000;0
20260630 183800;69.883000;69.883000;69.883000;69.883000;0
20260630 183900;69.893000;69.940000;69.893000;69.940000;0
20260630 184000;69.893000;69.893000;69.893000;69.893000;0
20260630 184100;69.915000;69.915000;69.910000;69.910000;0
20260630 184200;69.863000;69.863000;69.863000;69.863000;0
20260630 184300;69.920000;69.920000;69.920000;69.920000;0
20260630 184400;69.925000;69.925000;69.910000;69.910000;0
20260630 184500;69.863000;69.863000;69.863000;69.863000;0
20260630 184600;69.920000;69.920000;69.915000;69.915000;0
20260630 184700;69.905000;69.905000;69.905000;69.905000;0
20260630 184800;69.900000;69.900000;69.900000;69.900000;0
20260630 184900;69.853000;69.900000;69.853000;69.900000;0
20260630 185000;69.853000;69.853000;69.853000;69.853000;0
20260630 185100;69.905000;69.910000;69.905000;69.905000;0
20260630 185200;69.910000;69.910000;69.910000;69.910000;0
20260630 185300;69.863000;69.863000;69.863000;69.863000;0
20260630 185400;69.873000;69.920000;69.873000;69.920000;0
20260630 185500;69.925000;69.935000;69.925000;69.930000;0
20260630 185600;69.935000;69.955000;69.935000;69.950000;0
20260630 185700;69.955000;69.975000;69.955000;69.970000;0
20260630 185800;69.965000;69.965000;69.965000;69.965000;0
20260630 185900;69.960000;69.970000;69.960000;69.970000;0
20260630 190000;69.950000;69.950000;69.910000;69.925000;0
20260630 190100;69.930000;69.955000;69.930000;69.955000;0
20260630 190200;69.975000;70.010000;69.975000;70.010000;0
20260630 190300;70.005000;70.010000;70.005000;70.010000;0
20260630 190400;69.963000;70.015000;69.963000;70.015000;0
20260630 190500;70.005000;70.005000;69.990000;69.990000;0
20260630 190600;69.943000;69.970000;69.943000;69.970000;0
20260630 190700;69.965000;69.970000;69.965000;69.970000;0
20260630 190800;69.923000;69.923000;69.923000;69.923000;0
20260630 190900;69.975000;69.975000;69.965000;69.975000;0
20260630 191000;69.928000;69.928000;69.928000;69.928000;0
20260630 191100;69.970000;69.975000;69.970000;69.975000;0
20260630 191200;69.928000;69.990000;69.928000;69.990000;0
20260630 191300;69.995000;69.995000;69.990000;69.990000;0
20260630 191400;69.943000;70.000000;69.943000;70.000000;0
20260630 191500;70.005000;70.010000;70.005000;70.010000;0
20260630 191600;69.963000;70.020000;69.963000;70.020000;0
20260630 191700;69.973000;70.050000;69.973000;70.050000;0
20260630 191800;70.003000;70.003000;70.003000;70.003000;0
20260630 191900;70.045000;70.045000;70.025000;70.040000;0
20260630 192000;70.045000;70.045000;70.045000;70.045000;0
20260630 192100;70.040000;70.050000;70.040000;70.050000;0
20260630 192200;70.045000;70.045000;70.040000;70.040000;0
20260630 192300;69.993000;70.035000;69.993000;70.035000;0
20260630 192400;70.025000;70.025000;70.025000;70.025000;0
20260630 192500;69.978000;70.030000;69.978000;70.030000;0
20260630 192600;69.983000;69.983000;69.983000;69.983000;0
20260630 192700;70.025000;70.030000;70.025000;70.030000;0
20260630 192800;70.025000;70.025000;70.010000;70.010000;0
20260630 192900;69.963000;70.025000;69.963000;70.007000;0
20260630 193000;70.010000;70.045000;70.010000;70.035000;0
20260630 193100;70.040000;70.040000;70.030000;70.040000;0
20260630 193200;70.035000;70.040000;70.035000;70.040000;0
20260630 193300;70.045000;70.045000;70.020000;70.020000;0
20260630 193400;69.973000;69.973000;69.973000;69.973000;0
20260630 193500;70.030000;70.035000;70.030000;70.035000;0
20260630 193600;70.025000;70.050000;70.010000;70.050000;0
20260630 193700;70.040000;70.090000;70.040000;70.080000;0
20260630 193800;70.060000;70.065000;70.055000;70.060000;0
20260630 193900;70.045000;70.045000;70.017000;70.025000;0
20260630 194000;69.978000;70.015000;69.978000;70.010000;0
20260630 194100;69.995000;69.995000;69.970000;69.970000;0
20260630 194200;69.950000;69.960000;69.940000;69.940000;0
20260630 194300;69.950000;69.960000;69.945000;69.950000;0
20260630 194400;69.960000;69.970000;69.960000;69.970000;0
20260630 194500;69.975000;70.025000;69.975000;70.025000;0
20260630 194600;70.035000;70.047000;70.025000;70.040000;0
20260630 194700;69.993000;69.993000;69.993000;69.993000;0
20260630 194900;70.035000;70.055000;70.025000;70.055000;0
20260630 195000;70.060000;70.075000;70.060000;70.075000;0
20260630 195100;70.028000;70.075000;70.028000;70.075000;0
20260630 195200;70.070000;70.090000;70.065000;70.090000;0
20260630 195300;70.085000;70.085000;70.065000;70.070000;0
20260630 195400;70.090000;70.090000;70.080000;70.080000;0
20260630 195500;70.075000;70.075000;70.065000;70.065000;0
20260630 195600;70.070000;70.070000;70.065000;70.065000;0
20260630 195700;70.070000;70.090000;70.070000;70.090000;0
20260630 195800;70.043000;70.100000;70.043000;70.095000;0
20260630 195900;70.090000;70.100000;70.090000;70.100000;0
20260630 200000;70.018000;70.135000;70.003000;70.090000;0
20260630 200100;70.095000;70.120000;70.040000;70.040000;0
20260630 200200;70.035000;70.090000;70.035000;70.080000;0
20260630 200300;70.085000;70.135000;70.085000;70.120000;0
20260630 200400;70.115000;70.120000;70.100000;70.100000;0
20260630 200500;70.105000;70.105000;70.060000;70.065000;0
20260630 200600;70.060000;70.070000;70.035000;70.060000;0
20260630 200700;70.075000;70.115000;70.075000;70.110000;0
20260630 200800;70.120000;70.165000;70.120000;70.140000;0
20260630 200900;70.135000;70.150000;70.120000;70.125000;0
20260630 201000;70.120000;70.125000;70.075000;70.090000;0
20260630 201100;70.080000;70.090000;70.080000;70.085000;0
20260630 201200;70.090000;70.095000;70.075000;70.075000;0
20260630 201300;70.065000;70.105000;70.065000;70.105000;0
20260630 201400;70.095000;70.105000;70.085000;70.105000;0
20260630 201500;70.115000;70.120000;70.105000;70.115000;0
20260630 201600;70.100000;70.110000;70.090000;70.105000;0
20260630 201700;70.090000;70.120000;70.090000;70.120000;0
20260630 201800;70.115000;70.115000;70.100000;70.110000;0
20260630 201900;70.100000;70.100000;70.070000;70.095000;0
20260630 202000;70.090000;70.090000;70.045000;70.045000;0
20260630 202100;70.055000;70.055000;70.015000;70.045000;0
20260630 202200;70.050000;70.055000;70.015000;70.015000;0
20260630 202300;70.010000;70.010000;69.990000;70.010000;0
20260630 202400;70.005000;70.020000;70.005000;70.020000;0
20260630 202500;70.030000;70.030000;70.005000;70.005000;0
20260630 202600;70.010000;70.020000;69.980000;69.990000;0
20260630 202700;69.980000;70.005000;69.980000;70.005000;0
20260630 202800;69.980000;69.995000;69.923000;69.923000;0
20260630 202900;69.980000;69.995000;69.960000;69.980000;0
20260630 203000;69.985000;69.990000;69.980000;69.990000;0
20260630 203100;69.995000;70.060000;69.978000;70.050000;0
20260630 203200;70.055000;70.075000;70.050000;70.050000;0
20260630 203300;70.045000;70.055000;70.030000;70.050000;0
20260630 203400;70.045000;70.075000;70.045000;70.075000;0
20260630 203500;70.065000;70.080000;70.010000;70.070000;0
20260630 203600;70.065000;70.080000;70.065000;70.070000;0
20260630 203700;70.075000;70.090000;70.075000;70.080000;0
20260630 203800;70.075000;70.075000;70.065000;70.065000;0
20260630 203900;70.070000;70.080000;70.070000;70.080000;0
20260630 204000;70.075000;70.090000;70.055000;70.065000;0
20260630 204100;70.018000;70.018000;70.018000;70.018000;0
20260630 204200;70.055000;70.055000;70.020000;70.030000;0
20260630 204300;70.025000;70.035000;70.015000;70.035000;0
20260630 204400;70.030000;70.035000;70.020000;70.035000;0
20260630 204500;70.030000;70.030000;70.010000;70.010000;0
20260630 204600;70.015000;70.015000;69.985000;70.005000;0
20260630 204700;70.000000;70.010000;70.000000;70.010000;0
20260630 204800;70.005000;70.005000;70.000000;70.000000;0
20260630 204900;70.005000;70.015000;70.005000;70.015000;0
20260630 205000;70.010000;70.050000;70.000000;70.040000;0
20260630 205100;70.030000;70.040000;70.025000;70.040000;0
20260630 205200;70.035000;70.040000;70.020000;70.030000;0
20260630 205300;70.035000;70.040000;70.030000;70.040000;0
20260630 205400;70.035000;70.040000;70.025000;70.030000;0
20260630 205500;70.050000;70.075000;70.040000;70.040000;0
20260630 205600;70.035000;70.040000;70.025000;70.030000;0
20260630 205700;70.040000;70.040000;70.020000;70.030000;0
20260630 205800;70.035000;70.040000;70.030000;70.030000;0
20260630 205900;70.025000;70.100000;70.015000;70.100000;0
20260630 210000;70.105000;70.115000;70.005000;70.005000;0
20260630 210100;70.010000;70.025000;69.935000;69.965000;0
20260630 210200;69.970000;69.975000;69.925000;69.925000;0
20260630 210300;69.930000;69.965000;69.910000;69.930000;0
20260630 210400;69.925000;69.945000;69.895000;69.930000;0
20260630 210500;69.920000;69.950000;69.890000;69.890000;0
20260630 210600;69.880000;69.935000;69.840000;69.920000;0
20260630 210700;69.925000;69.955000;69.910000;69.930000;0
20260630 210800;69.935000;69.950000;69.910000;69.930000;0
20260630 210900;69.940000;69.960000;69.930000;69.950000;0
20260630 211000;69.945000;69.950000;69.885000;69.900000;0
20260630 211100;69.895000;69.910000;69.885000;69.900000;0
20260630 211200;69.910000;69.935000;69.890000;69.890000;0
20260630 211300;69.900000;69.940000;69.890000;69.900000;0
20260630 211400;69.905000;69.930000;69.900000;69.905000;0
20260630 211500;69.900000;69.940000;69.875000;69.935000;0
20260630 211600;69.925000;69.970000;69.910000;69.950000;0
20260630 211700;69.955000;69.955000;69.890000;69.890000;0
20260630 211800;69.900000;69.900000;69.815000;69.895000;0
20260630 211900;69.900000;69.920000;69.860000;69.870000;0
20260630 212000;69.880000;69.880000;69.830000;69.840000;0
20260630 212100;69.835000;69.865000;69.830000;69.850000;0
20260630 212200;69.855000;69.860000;69.845000;69.850000;0
20260630 212300;69.845000;69.870000;69.840000;69.840000;0
20260630 212400;69.835000;69.860000;69.835000;69.840000;0
20260630 212500;69.845000;69.915000;69.825000;69.910000;0
20260630 212600;69.915000;69.925000;69.895000;69.910000;0
20260630 212700;69.915000;69.930000;69.853000;69.915000;0
20260630 212800;69.910000;69.910000;69.875000;69.875000;0
20260630 212900;69.880000;69.915000;69.880000;69.915000;0
20260630 213000;69.910000;69.955000;69.900000;69.950000;0
20260630 213100;69.945000;69.955000;69.925000;69.950000;0
20260630 213200;69.960000;69.960000;69.925000;69.955000;0
20260630 213300;69.960000;69.960000;69.880000;69.900000;0
20260630 213400;69.895000;69.905000;69.875000;69.900000;0
20260630 213500;69.890000;69.915000;69.890000;69.905000;0
20260630 213600;69.910000;69.915000;69.865000;69.880000;0
20260630 213700;69.885000;69.900000;69.865000;69.870000;0
20260630 213800;69.875000;69.885000;69.825000;69.840000;0
20260630 213900;69.835000;69.850000;69.778000;69.790000;0
20260630 214000;69.795000;69.825000;69.770000;69.810000;0
20260630 214100;69.815000;69.825000;69.800000;69.810000;0
20260630 214200;69.800000;69.825000;69.785000;69.825000;0
20260630 214300;69.820000;69.845000;69.810000;69.840000;0
20260630 214400;69.845000;69.860000;69.835000;69.835000;0
20260630 214500;69.820000;69.855000;69.810000;69.850000;0
20260630 214600;69.855000;69.865000;69.830000;69.850000;0
20260630 214700;69.860000;69.875000;69.850000;69.860000;0
20260630 214800;69.875000;69.880000;69.855000;69.865000;0
20260630 214900;69.860000;69.860000;69.820000;69.830000;0
20260630 215000;69.825000;69.830000;69.790000;69.795000;0
20260630 215100;69.785000;69.790000;69.755000;69.775000;0
20260630 215200;69.780000;69.805000;69.775000;69.780000;0
20260630 215300;69.785000;69.805000;69.745000;69.745000;0
20260630 215400;69.750000;69.750000;69.648000;69.710000;0
20260630 215500;69.705000;69.735000;69.700000;69.715000;0
20260630 215600;69.710000;69.730000;69.640000;69.670000;0
20260630 215700;69.675000;69.720000;69.665000;69.720000;0
20260630 215800;69.725000;69.800000;69.725000;69.775000;0
20260630 215900;69.780000;69.790000;69.750000;69.760000;0
20260630 220000;69.765000;69.780000;69.710000;69.730000;0
20260630 220100;69.735000;69.770000;69.725000;69.750000;0
20260630 220200;69.745000;69.755000;69.710000;69.720000;0
20260630 220300;69.730000;69.760000;69.710000;69.750000;0
20260630 220400;69.760000;69.760000;69.720000;69.740000;0
20260630 220500;69.735000;69.755000;69.720000;69.750000;0
20260630 220600;69.755000;69.755000;69.675000;69.690000;0
20260630 220700;69.685000;69.690000;69.660000;69.680000;0
20260630 220800;69.675000;69.690000;69.675000;69.690000;0
20260630 220900;69.685000;69.690000;69.675000;69.685000;0
20260630 221000;69.680000;69.705000;69.680000;69.695000;0
20260630 221100;69.705000;69.705000;69.695000;69.700000;0
20260630 221200;69.705000;69.705000;69.695000;69.695000;0
20260630 221300;69.705000;69.755000;69.705000;69.740000;0
20260630 221400;69.745000;69.755000;69.720000;69.730000;0
20260630 221500;69.725000;69.755000;69.725000;69.755000;0
20260630 221600;69.760000;69.780000;69.760000;69.770000;0
20260630 221700;69.765000;69.775000;69.760000;69.760000;0
20260630 221800;69.765000;69.770000;69.755000;69.755000;0
20260630 221900;69.760000;69.780000;69.760000;69.770000;0
20260630 222000;69.765000;69.785000;69.760000;69.780000;0
20260630 222100;69.775000;69.780000;69.775000;69.780000;0
20260630 222200;69.785000;69.815000;69.785000;69.810000;0
20260630 222300;69.815000;69.815000;69.810000;69.810000;0
20260630 222400;69.820000;69.840000;69.815000;69.825000;0
20260630 222500;69.820000;69.825000;69.820000;69.825000;0
20260630 222600;69.830000;69.830000;69.820000;69.820000;0
20260630 222700;69.825000;69.825000;69.815000;69.815000;0
20260630 222800;69.805000;69.805000;69.750000;69.750000;0
20260630 222900;69.745000;69.755000;69.745000;69.750000;0
20260630 223000;69.755000;69.780000;69.735000;69.760000;0
20260630 223100;69.755000;69.755000;69.715000;69.720000;0
20260630 223200;69.715000;69.755000;69.710000;69.750000;0
20260630 223300;69.755000;69.755000;69.720000;69.730000;0
20260630 223400;69.735000;69.790000;69.730000;69.790000;0
20260630 223500;69.785000;69.865000;69.780000;69.845000;0
20260630 223600;69.850000;69.855000;69.825000;69.830000;0
20260630 223700;69.835000;69.840000;69.820000;69.830000;0
20260630 223800;69.825000;69.850000;69.748000;69.795000;0
20260630 223900;69.785000;69.795000;69.750000;69.760000;0
20260630 224000;69.755000;69.785000;69.755000;69.785000;0
20260630 224100;69.790000;69.795000;69.743000;69.765000;0
20260630 224200;69.760000;69.760000;69.730000;69.755000;0
20260630 224300;69.735000;69.785000;69.730000;69.785000;0
20260630 224400;69.780000;69.790000;69.728000;69.785000;0
20260630 224500;69.780000;69.815000;69.775000;69.810000;0
20260630 224600;69.820000;69.825000;69.765000;69.775000;0
20260630 224700;69.770000;69.775000;69.745000;69.760000;0
20260630 224800;69.755000;69.780000;69.755000;69.770000;0
20260630 224900;69.760000;69.775000;69.755000;69.770000;0
20260630 225000;69.765000;69.775000;69.745000;69.750000;0
20260630 225100;69.760000;69.765000;69.735000;69.760000;0
20260630 225200;69.765000;69.770000;69.750000;69.760000;0
20260630 225300;69.755000;69.760000;69.740000;69.740000;0
20260630 225400;69.750000;69.760000;69.750000;69.755000;0
20260630 225500;69.760000;69.765000;69.730000;69.740000;0
20260630 225600;69.745000;69.755000;69.735000;69.745000;0
20260630 225700;69.750000;69.820000;69.740000;69.810000;0
20260630 225800;69.805000;69.805000;69.750000;69.760000;0
20260630 225900;69.755000;69.790000;69.755000;69.785000;0
20260630 230000;69.780000;69.815000;69.780000;69.805000;0
20260630 230100;69.810000;69.810000;69.738000;69.775000;0
20260630 230200;69.780000;69.840000;69.780000;69.810000;0
20260630 230300;69.795000;69.810000;69.770000;69.770000;0
20260630 230400;69.780000;69.785000;69.765000;69.770000;0
20260630 230500;69.780000;69.820000;69.770000;69.810000;0
20260630 230600;69.805000;69.805000;69.780000;69.800000;0
20260630 230700;69.805000;69.830000;69.800000;69.825000;0
20260630 230800;69.815000;69.830000;69.795000;69.830000;0
20260630 230900;69.825000;69.850000;69.805000;69.805000;0
20260630 231000;69.810000;69.810000;69.770000;69.790000;0
20260630 231100;69.780000;69.790000;69.750000;69.760000;0
20260630 231200;69.770000;69.785000;69.765000;69.780000;0
20260630 231300;69.775000;69.790000;69.760000;69.790000;0
20260630 231400;69.795000;69.810000;69.770000;69.780000;0
20260630 231500;69.775000;69.805000;69.775000;69.785000;0
20260630 231600;69.780000;69.830000;69.780000;69.820000;0
20260630 231700;69.830000;69.850000;69.815000;69.820000;0
20260630 231800;69.815000;69.830000;69.810000;69.820000;0
20260630 231900;69.810000;69.835000;69.805000;69.835000;0
20260630 232000;69.830000;69.830000;69.820000;69.820000;0
20260630 232100;69.815000;69.815000;69.790000;69.810000;0
20260630 232200;69.805000;69.820000;69.800000;69.815000;0
20260630 232300;69.810000;69.810000;69.790000;69.800000;0
20260630 232400;69.805000;69.815000;69.800000;69.800000;0
20260630 232500;69.805000;69.805000;69.745000;69.790000;0
20260630 232600;69.795000;69.800000;69.770000;69.780000;0
20260630 232700;69.770000;69.810000;69.770000;69.805000;0
20260630 232800;69.800000;69.805000;69.723000;69.750000;0
20260630 232900;69.755000;69.780000;69.750000;69.750000;0
20260630 233000;69.745000;69.800000;69.740000;69.790000;0
20260630 233100;69.800000;69.815000;69.800000;69.810000;0
20260630 233200;69.815000;69.835000;69.788000;69.810000;0
20260630 233300;69.815000;69.855000;69.810000;69.845000;0
20260630 233400;69.835000;69.835000;69.800000;69.800000;0
20260630 233500;69.790000;69.790000;69.775000;69.775000;0
20260630 233600;69.780000;69.785000;69.775000;69.780000;0
20260630 233700;69.775000;69.790000;69.775000;69.790000;0
20260630 233800;69.785000;69.805000;69.785000;69.805000;0
20260630 233900;69.800000;69.810000;69.800000;69.805000;0
20260630 234000;69.800000;69.800000;69.795000;69.795000;0
20260630 234100;69.785000;69.805000;69.785000;69.805000;0
20260630 234200;69.810000;69.810000;69.810000;69.810000;0
20260630 234300;69.763000;69.805000;69.763000;69.805000;0
20260630 234400;69.758000;69.815000;69.748000;69.810000;0
20260630 234500;69.815000;69.815000;69.805000;69.805000;0
20260630 234600;69.790000;69.790000;69.750000;69.760000;0
20260630 234700;69.755000;69.770000;69.755000;69.770000;0
20260630 234800;69.775000;69.775000;69.775000;69.775000;0
20260630 234900;69.728000;69.775000;69.728000;69.775000;0
20260630 235000;69.728000;69.775000;69.728000;69.775000;0
20260630 235100;69.765000;69.770000;69.755000;69.765000;0
20260630 235200;69.770000;69.780000;69.770000;69.780000;0
20260630 235300;69.733000;69.733000;69.733000;69.733000;0
20260630 235400;69.765000;69.770000;69.755000;69.765000;0
20260630 235500;69.770000;69.770000;69.765000;69.770000;0
20260630 235600;69.780000;69.780000;69.775000;69.780000;0
20260630 235800;69.733000;69.780000;69.733000;69.780000;0
